이름,영문,구분,소재지,설립연도,위키번호,홈페이지,위키링크,로고,소개문,학과,설립구분,동문,일본어 이름
"Aalto University School of Arts, Design and Architecture","Aalto University School of Arts, Design and Architecture",예술대학,핀란드 · 헬싱키,1871,Q2591673,http://arts.aalto.fi/en/,"https://en.wikipedia.org/wiki/Aalto_University_School_of_Arts,_Design_and_Architecture",http://commons.wikimedia.org/wiki/Special:FilePath/Aalto%20University%20School%20of%20Art%20and%20Design.svg,"Aalto University School of Arts, Design and Architecture (Finnish: Aalto-yliopiston taiteiden ja suunnittelun korkeakoulu; Swedish: Aalto-universitetets högskola för konst, design och arkitektur) was formed of two separate schools: the faculty of architecture (previously part of the Helsinki University of Technology) and the University of Art and Design Helsinki (UIAH, known in Finnish as TaiK). TaiK, founded in 1871, was the largest art university in the Nordic countries. The university awards the following academic degrees: Bachelor of Science in Technology, Architect, Bachelor of Arts, Master of Arts, and Doctor of Arts.
The university is known for its research projects and industrial collaborations. During the rectorship of Yrjö Sotamaa the university was active in integrating design into Finnish innovation and business networks. This eventually led to the decision to merge TaiK together with Helsinki University of Technology (TKK) and the Helsinki School of Economics (HSE) into a new charter university, Aalto University, which started in January 2010.
In the global QS World University Rankings in 2021, the Aalto University School of Arts, Design and Architecture was placed 6th",null,null,"레니 할린, Aleksi Salmenperä, Armi Ratia, Ilmari Tapiovaara",null
Académie Colarossi,Académie Colarossi,예술대학,프랑스 · 파리 6구,1870,Q337454,http://www.grande-chaumiere.fr/,https://en.wikipedia.org/wiki/Acad%C3%A9mie_Colarossi,https://upload.wikimedia.org/wikipedia/commons/thumb/1/15/Academy-colarossi-paris-rue-grand-chaumiere-montparnasse-amedeo-modigliani.jpg/500px-Academy-colarossi-paris-rue-grand-chaumiere-montparnasse-amedeo-modigliani.jpg?utm_source=en.wikipedia.org&utm_campaign=api&utm_content=thumbnail,"The Académie Colarossi (1870–1930) was an art school in Paris founded in 1870 by the Italian model and sculptor Filippo Colarossi. It was originally located on the Île de la Cité, and it moved in 1879 to 10 rue de la Grande-Chaumière in the 6th arrondissement. The school closed in the 1930s.


== History ==
A precursor art school in the same location was the Académie Suisse, founded in 1815. The former Académie Suisse location on the Île de la Cité was bought by Italian sculptor Filippo Colarossi in 1870, and in 1879 it moved to 10 rue de la Grande-Chaumière in the 6th arrondissement.
The Académie was established in the 19th century as an alternative to the government-sanctioned École des Beaux Arts that had, in the eyes of many promising young artists at the time, become far too conservative. Along with its equivalent Académie Julian, and unlike the official École des Beaux Arts, the Colarossi school accepted female students and allowed them to draw from the nude male model.
Around 1879, two salon painters taught the Académie classes, the Japanese-influenced painter Raphaël Collin and French academic-style painter Gustave Courtois. Among its other instructors were the influential ",null,null,"Julie Wolfthorn, 카미유 클로델, 에밀 쉬프네케르, 에밀리 카",null
Académie de Saint-Luc,Académie de Saint-Luc,예술대학,프랑스 · 파리,1391,Q337486,,https://en.wikipedia.org/wiki/Acad%C3%A9mie_de_Saint-Luc,,"The Académie de Saint-Luc (French pronunciation: [akademi də sɛ̃ lyk]; English: ""Academy of Saint Luke"") was a guild of painters and sculptors set up in Paris in 1391, and dissolved in 1776. It was created by the Provost of Paris, along the lines of the Guilds of Saint Luke in other parts of Europe.
In 1648, a group of artists with royal patronage, led by Charles Le Brun, successfully persuaded the court of King Louis XIV to support the creation of the Académie Royale de Peinture et de Sculpture, an art institution with different membership criteria that became a rival to the Académie de Saint-Luc.
The Académie de Saint-Luc remained successful in subsequent years by attracting artists who did not have access to the Académie Royale de Peinture et de Sculpture. This was particularly the case for women artists. In the 18th century, there were 130 female members of the Académie de Saint-Luc, many more than at the Académie Royale, which in 1783 limited its female members to four.
In the 1770s, the success of the Académie de Saint-Luc provoked the enmity of the Academie Royale, which complained to the King and petitioned for the closure of their rival. The Académie de Saint-Luc was close",null,null,"자크루이 다비드, 장바티스트시메옹 샤르댕, 프랑수아앙드레 뱅상, 장바티스트 우드리",null
Académie Ranson,Académie Ranson,예술대학,프랑스 · 파리,1908,Q2582507,,https://en.wikipedia.org/wiki/Acad%C3%A9mie_Ranson,https://upload.wikimedia.org/wikipedia/commons/9/98/Ranson_serusier.jpg?utm_source=en.wikipedia.org&utm_campaign=api&utm_content=thumbnail_unscaled,"The Académie Ranson was a private art school founded  in 1908 in Paris by the French painter Paul Ranson (1862–1909).  


== History ==
The Académie Ranson was founded in 1908 by Paul Ranson (1862–1909), who himself studied at the Académie Julian.
With the untimely death of Paul Ranson in 1909, the Academy was headed by the wife of its founder, Marie-France Ranson. It was first based in Rue Henri Monnier in the 9th arrondissement and then moved to the Montparnasse district, in the Rue Joseph Bara. Maurice Denis and Paul Sérusier delivered courses and Ker-Xavier Roussel, Félix Vallotton, and Édouard Vuillard also attended, which gave it a good reputation. Concetta, former model of Edgar Degas for Les repasseuses and Auguste Rodin for The Kiss, helped its reputation too. Students attended for periods from a week to a year.
In 1914, its teachers were depleted due to World War I, but the Académie Ranson survived despite declining attendance. After 1918, Maurice Denis and Paul Sérusier were occupied with other activities, and new teachers took over, many of them alumni: Yves Alix, Gustave Jaulmes, Paul Vera, Jules-Émile Zingg, Roger Bissière, Louis Latapie, Dimitrios Galanis, and Amédée",null,null,"마르셀 그로메르, Roger de La Fresnaye, Charlotte van Pallandt",null
Academy of Fine Arts and Design in Bratislava,Academy of Fine Arts and Design in Bratislava,예술대학,슬로바키아 · 브라티슬라바,1949,Q2822379,http://www.vsvu.sk,"https://en.wikipedia.org/wiki/Academy_of_Fine_Arts_and_Design,_Bratislava",https://upload.wikimedia.org/wikipedia/en/0/02/Academy_of_Fine_Arts_and_Design_in_Bratislava_Logo.png?utm_source=en.wikipedia.org&utm_campaign=api&utm_content=thumbnail_unscaled,"The Academy of Fine Arts and Design, Bratislava (AFAD; Slovak: Vysoká škola výtvarných umení v Bratislave, VŠVU) is an academy in Bratislava, Slovakia.
It was founded in 1949 at the dawn of totalitarian regime in the former Czechoslovak Socialist Republic. For next forty years, the institution was under the pressure of political doctrine promoting so-called socialist realism in arts, as well as suffering the political purges affecting badly the whole society. In spite of troubled historical development and atmosphere of repression, at AFAD there were few spheres of so-called ""positive deviation"". The resistance to the orthodoxy of socialist realism was made possible thanks to the intellectual and artistic background of some of the professors and their personal approach to their students. After years of totalitarianism, in 1989 the AFAD was one of the few higher education institutions in the country where the whole teaching staff was re-selected in an open competition. Since then many changes in educational
profile and academic life of students and faculty had been taking place. As a result, today the AFAD is a present—day oriented school offering study in three levels (bachelor, ma",null,null,"Albín Brunovský, Jozef Kabaň",null
"Academy of Fine Arts and Design, Ljubljana","Academy of Fine Arts and Design, Ljubljana",예술대학,슬로베니아,1945,Q4671463,http://www.aluo.uni-lj.si/,https://en.wikipedia.org/wiki/Academy_of_Fine_Arts_and_Design,,"The Academy of Fine Arts and Design (Slovene: Akademija za likovno umetnost in oblikovanje, also known by the acronym ALUO), is an art academy and institution based in Ljubljana, Slovenia. It is part of the University of Ljubljana.
From 1945 to 1961, Božidar Jakac taught graphic arts at the academy, and also served as a dean three times. The current dean of the academy is prof. Alen Ožbolt.


== Notable faculty ==
Jože Ciuha (1924–2015)
Božidar Jakac (1899–1989)
Boris Kalin (1905–1975)
Gojmir Anton Kos (1896–1970)
Adriana Maraž (1931-2015)
Miki Muster (1925-2018)
Igor Torkar (1913–2004)


== References ==


== External links ==
Academy of Fine Arts and Design - homepage
 Media related to Academy of Fine Arts and Design (University of Ljubljana) at Wikimedia Commons",null,null,Miki Muster,null
Academy of Fine Arts Bruges,Academy of Fine Arts Bruges,예술대학,벨기에 · 브뤼허,1717,Q4648351,,,,,null,null,"Joseph Denis Odevaere, Joseph-Benoît Suvée",null
Academy of Fine Arts in Carrara,Academy of Fine Arts in Carrara,예술대학,이탈리아 · 카라라,,Q3604016,http://www.accademiacarrara.it,https://en.wikipedia.org/wiki/Accademia_di_Belle_Arti_di_Carrara,https://upload.wikimedia.org/wikipedia/commons/thumb/b/b8/Carrara-accademia_belle_arti3.jpg/500px-Carrara-accademia_belle_arti3.jpg?utm_source=en.wikipedia.org&utm_campaign=api&utm_content=thumbnail,"The Accademia di Belle Arti di Carrara is a public tertiary academy of art in Carrara, in Tuscany in central Italy. It was founded on 26 September 1769 by Maria Teresa Cybo-Malaspina, duchess of Massa and princess of Carrara; but its origins go back to 1757, when, on the advice of the sculptor Giovanni Domenico Olivieri, she founded the Accademia di San Ceccardo in which sculpture, architecture and painting were to be taught. To house it, she commissioned Filippo del Medico to design and build a new building (which is now the Biblioteca Civica); in 1807, by order of Elisa Bonaparte Baciocchi, the accademia was moved to the Palazzo Cybo Malaspina. The school of architecture was at first under Filippo del Medico; Giovanni Antonio Cybei was head of the school of sculpture.
Like other state art academies in Italy, it became an autonomous degree-awarding institution under law no. 508 dated 21 December 1999, and falls under the Ministero dell'Istruzione, dell'Universita e della Ricerca, the Italian ministry of education and research.


== References ==",null,null,,null
Academy of Fine Arts Münster,Academy of Fine Arts Münster,예술대학,독일 · 뮌스터,1971,Q1792343,http://www.kunstakademie-muenster.de/,,http://commons.wikimedia.org/wiki/Special:FilePath/Logo%20KunstakademieMuenster.svg,,null,null,,null
Academy of Fine Arts of Parma,Academy of Fine Arts of Parma,예술대학,이탈리아 · 파르마,1757,Q3604017,https://accademianazionalebelleartiparma.it,https://en.wikipedia.org/wiki/Academy_of_Fine_Arts_of_Parma,https://upload.wikimedia.org/wikipedia/commons/thumb/e/ed/Istituto_d%27Arte_Parma.JPG/500px-Istituto_d%27Arte_Parma.JPG?utm_source=en.wikipedia.org&utm_campaign=api&utm_content=thumbnail,"The Accademia di Belle Arti di Parma (Academy of Fine Arts of Parma) is an artistic institution in the city of Parma, Italy. It is presently located in a wing of the Palazzo della Pilotta in the center of the city.


== History ==
The Academy originated in 1752, as a private art school called the Scuola Lombarda. Five years later, it was reorganized as an academy under the patronage of Phillip of Bourbon, Duke of Parma. During the Napoleonic occupation of 1803-1814, it was suppressed, but was reinstated under the patronage of Maria Louisa of Austria in 1816. Engraving was made one of the cornerstones of the curriculum in 1822. Paolo Toschi became the Director at that time and served until 1850.
After 1877, it underwent a variety of changes: splitting into several separate departments, including a school of applied industry. In 1923, it was refounded as the Regio Istituto d'arte Paolo Toschi, and in 1936, Regia accademia di belle arti, and in 1973 as an Accademia nazionale di belle arti. Since 2011 it has been called the Liceo Artistico Statale Paolo Toschi. The academy is associated with a series of museums displaying artworks from Parma.


== References ==",null,null,,null
"Academy of Fine Arts, Karlsruhe","Academy of Fine Arts, Karlsruhe",예술대학,독일 · 카를스루에,1854,Q322938,http://www.kunstakademie-karlsruhe.de,https://en.wikipedia.org/wiki/State_Academy_of_Fine_Arts_Karlsruhe,http://commons.wikimedia.org/wiki/Special:FilePath/Logo%20Staatliche%20Akademie%20der%20Bildenden%20K%C3%BCnste%20Karlsruhe%202024-06-04.svg,"The State Academy of Fine Arts Karlsruhe or Staatliche Akademie der Bildenden Künste Karlsruhe is an academy of arts in Karlsruhe, in Baden-Württemberg in south-western Germany.


== History ==
The Academy was founded in 1854 by Frederick I, Grand Duke of Baden, with the landscape painter Johann Wilhelm Schirmer as the first director.
During the Nazi regime, several artists were fired from their teaching positions, due to their art being considered ""degenerate"". These include, for example, Willhelm Schnarrenberger, Georg Scholz, and Karl Hubbuch - all of whom were associated with the New Objectivity movement. 
After the second world war, the academy re-opened first in 1947 and Schnarrenberger and Hubbuch eventually regained their positions. Post-war heads of the academy include art historian Oskar Gehring (1947/48), Otto Haupt (architect) (1949–1956), art historian Kurt Martin (1956/57), painter Otto Laible (1957/58), and painter Hans Gaensslen (1958–1963). The latter became the first elected rector as, in 1961, policy was changed from ministry-appointed directors to rectors elected by all professors in 4 year intervals.
He was followed by Hans Kindermann (sculptor) (1963–1971), vi",null,null,"막스 클링거, 파울 슐체나움부르크, 오토 모더존, 파울 레너",null
"Academy of Fine Arts, Katowice","Academy of Fine Arts, Katowice",예술대학,폴란드 · 카토비체,2001,Q414016,http://www.asp.katowice.pl,,http://commons.wikimedia.org/wiki/Special:FilePath/Academy%20of%20Fine%20Arts%20in%20Katowice.png,,null,null,,null
"Academy of Fine Arts, Nuremberg","Academy of Fine Arts, Nuremberg",예술대학,독일 · 뉘른베르크,1662,Q414041,https://adbk-nuernberg.de,"https://en.wikipedia.org/wiki/Academy_of_Fine_Arts,_Nuremberg",http://commons.wikimedia.org/wiki/Special:FilePath/Akademie%20der%20Bildenden%20K%C3%BCnste%20N%C3%BCrnberg%20Logo.svg,"The Academy of Fine Arts Nuremberg (German: Akademie der Bildenden Künste Nürnberg) was founded in 1662 by Jacob von Sandrart and is the oldest art academy in German-speaking Central Europe.
The art academy is situated in Nuremberg.
Classes include studies in fine arts, sculpture, visual arts, painting, artistic concepts, art education, gold- and silversmithing, as well as graphic design. There are master courses in Architecture and Urban Studies, and Art and Public Space.
Teaching takes place today in an ensemble of transparent pavilions that were designed by German architect Sep Ruf and have been classified as an historical monument. Located at the edge of the city, the campus offers an intensive work atmosphere. In the exhibition hall of the Academy and in the Gallery of the Academy, young artists publicly present their work. In addition to the main location in Nuremberg's Zerzabelshof district, the college has been using space in the historical imperial castle in Lauf since 1985 as a branch location in which to accommodate the art education and art pedagogy classes.
Partnerships with art-universities in Western and Eastern Europe—Hungarian University of Fine Arts, Academy of Fi",null,null,"아돌프 폰 힐데브란트, 볼프강 헤른도르프, Friedrich August von Kaulbach, Otto Eckmann",null
"Academy of Fine Arts, University of Zagreb","Academy of Fine Arts, University of Zagreb",예술대학,크로아티아 · Donji grad,1907,Q1280235,http://www.alu.hr/,"https://en.wikipedia.org/wiki/Academy_of_Fine_Arts,_University_of_Zagreb",http://commons.wikimedia.org/wiki/Special:FilePath/ALU-logo.gif,"The Academy of Fine Arts Zagreb (Croatian: Akademija likovnih umjetnosti u Zagrebu or ALU) is a Croatian art school based in Zagreb. It is one of the three art academies affiliated with the University of Zagreb, along with the Academy of Dramatic Art (ADU) and the Academy of Music (MUZA).


== History ==
The Academy was established in June 1907 as the Royal College for Arts and Crafts (Croatian: Kraljevsko zemaljsko više obrazovalište za umjetnost i umjetni obrt) and initially had three departments, for sculpting, painting and art education. Academy's first professors were Robert Frangeš-Mihanović, Rudolf Valdec, Robert Auer, Oton Iveković, Bela Čikoš Sesija, Menci Klement Crnčić and Branko Šenoa. The Academy is still based in its original location at 85 Ilica street in Zagreb.
Since 1926 the architecture department was briefly active at the academy, and was headed by Drago Ibler. The graphic arts department was established in 1956, the restoration department in 1997 and the department for animation and new media in 1998.
Today the academy has six departments, with a total of 365 students enrolled.


== Departments ==
The Academy currently has six departments:

Painting department
",null,null,"Dušan Džamonja, 마리나 아브라모비치, Otti Berger, Zoran Mušič",null
"Academy of Fine Arts, Verona","Academy of Fine Arts, Verona",예술대학,이탈리아 · 베로나,1764,Q4671475,http://www.accademiabelleartiverona.it/,"https://en.wikipedia.org/wiki/Academy_of_Fine_Arts,_Verona",https://upload.wikimedia.org/wikipedia/commons/thumb/3/3c/Accademia_di_belle_arti_Gian_Bettino_Cignaroli_%28Verona%2C_1764%29.jpg/500px-Accademia_di_belle_arti_Gian_Bettino_Cignaroli_%28Verona%2C_1764%29.jpg?utm_source=en.wikipedia.org&utm_campaign=api&utm_content=thumbnail,"The Academy of Fine Arts of Verona is a post-secondary school for studies in the visual arts.
Under the current European regulations (Bologna Process), the Academy of Fine Arts of Verona is included in the university program in the field of artistic and musical training, issuing bachelor's degrees, master's degrees and Continuing Education Certificates in the following areas: painting/visual arts, sculpture/visual arts, scenography, decoration, design and restoration.
The title for Diploma Accademico (master of art) graduate students is Dottore/Dottoressa (abbrev. Dott./Dott.ssa or Dr., meaning Doctor), not to be confused with the title for the PhD level graduate, which is Dottore/Dottoressa di Ricerca. In the Italian system, graduates from the fields of Education, Art and Music are also called Dr. Prof. (or simply Professore) or Maestro.
The ""Diploma Accademico"" degree issued by the academy represents the highest level of artistic education issued by the Italian University System. For the students who are willing to add more experience to their degree, there are several options available, like Continuing Education Certificates, Post-MA Courses (both valid as credit for PhD program",null,null,Fausto Zonaro,null
"Academy of Painting (Santiago, Chile)","Academy of Painting (Santiago, Chile)",예술대학,칠레 · 산티아고,1849,Q5655852,,"https://en.wikipedia.org/wiki/Academy_of_Painting_(Santiago,_Chile)",https://upload.wikimedia.org/wikipedia/commons/thumb/5/58/Escuela_de_Bellas_Artes%2C_En_Viaje%2C_1934-06.jpg/500px-Escuela_de_Bellas_Artes%2C_En_Viaje%2C_1934-06.jpg?utm_source=en.wikipedia.org&utm_campaign=api&utm_content=thumbnail,"Academy of Painting (Spanish: Academia de Pintura), also known as the School of Fine Arts of Santiago (Spanish: Escuela de Bellas Artes de Santiago), was a Chilean art school, founded on March 17, 1849 in Santiago, Chile. Initially located in a building of the University of San Felipe, now the site of the Municipal Theater of Santiago, it underwent relocation in 1891 and adopted the name Escuela de Bellas Artes.  In 1910, the institution merged with the Museo de Bellas Artes, effectively discontinuing its operations as a separate entity.  In 1932, it merged with and is now known as the Department of Visual Arts within the Arts Faculty, University of Chile.
The academy trained several early Chilean artists, including figures later recognized as the ""four great masters of Chilean painting,"" as well as artists influenced by Pedro Lira and Antonio Smith, and those associated with the Generation of 1913. Its directors included Alejandro Ciccarelli, Ernesto Kirchbach, Juan Mochi, Cosme San Martín—the first Chilean to hold the position—and Virginio Arias.
Many of its students originated from regions outside Santiago, including Alfredo Valenzuela Puelma and Alfredo Helsby from Valparaíso, ",null,null,,null
Accademia Albertina,Accademia Albertina,예술대학,이탈리아 · 토리노,1678,Q1168859,https://albertina-academy.it/,https://en.wikipedia.org/wiki/Accademia_Albertina,https://upload.wikimedia.org/wikipedia/commons/thumb/d/dc/3362TorinoAccademiaAlbertina.jpg/500px-3362TorinoAccademiaAlbertina.jpg?utm_source=en.wikipedia.org&utm_campaign=api&utm_content=thumbnail,"The Accademia Albertina di Belle Arti (""Albertina Academy of Fine Arts"") is an institution of higher education in Turin, Italy


== History ==
In the first half of the seventeenth century, there was a ""University of Painters, Sculptors and Architects"" in Turin which in 1652 became the Compagnia di San Luca. In 1678 it was formally refounded as the Academy of Painters, Sculptors and Architects (Accademia dei Pittori, Scultori e Architetti) by Marie Jeanne of Savoy, inspired by the Académie Royale de Paris.  The establishment of the Royal Academy of painting and sculpture in 1778, a century after its first foundation, was among the first events that inaugurated the period of reforms of the reign of Victor Amadeus III under a policy of promotion of culture. It was re-established under the name Albertina in 1833 by Charles Albert of Sardinia, who had architect Giuseppe Talucchi design and realize a new building on the former site of the convent of the Church of San Francesco da Paola. Many paintings were donated by the Marquis Monsignor Mossi di Morano, including a precious altarpiece by Filippo Lippi. Very quickly the art gallery was enriched to become a significant museum heritage, a",null,null,"Pietro Canonica, 레오나르도 비스톨피, Giacomo Grosso, Alessandro Antonelli",null
Accademia degli Incamminati,Accademia degli Incamminati,예술대학,이탈리아,1582,Q2720193,,https://en.wikipedia.org/wiki/Accademia_degli_Incamminati,https://upload.wikimedia.org/wikipedia/commons/thumb/2/2c/Annibale%2C_Ludovico_and_Agostino_Carracci%2C_Bolognese_School.jpg/500px-Annibale%2C_Ludovico_and_Agostino_Carracci%2C_Bolognese_School.jpg?utm_source=en.wikipedia.org&utm_campaign=api&utm_content=thumbnail,"The Accademia degli Incamminati (Italian for ""Academy of Those who are Making Progress"" or ""Academy of the Journeying"") was one of the first art academies in Italy, founded in 1582 in Bologna.


== History ==
The academy was founded as the Accademia dei Desiderosi (""Academy of the Desirous"") and sometimes known as the Accademia dei Carracci after its founders, the three Carracci cousins: Agostino, Annibale and Ludovico. Annibale headed the institution thanks to his strong personality.
The birth of this and other academies indicated artists' desire to be seen on the same level as poets and musicians, rather than as just artisans and the Accademia degli Incamminati soon providing a meeting space for other intellectuals, such as the doctor Melchiorre Zoppio and the astronomer Giovanni Antonio Magini, who both frequented it. On its foundation, its members soon chose a heraldic emblem for the institution, made up of a celestial sphere with Ursa Minor at its centre and below it the motto Contentione Perfectus. It was set up as a private institution of artists with the aim of providing a comprehensive training in the practice and theory both of art and of other activities then considered ",null,null,,null
Accademia dei Fisiocritici,Accademia dei Fisiocritici,예술대학,이탈리아 · 시에나,1691,Q2822654,https://www.fisiocritici.it/,,,,null,null,,null
Accademia della Crusca,Accademia della Crusca,예술대학,이탈리아 · 피렌체,3569,Q338489,https://accademiadellacrusca.it,https://en.wikipedia.org/wiki/Accademia_della_Crusca,https://upload.wikimedia.org/wikipedia/commons/thumb/a/a3/Linguistic_map_of_the_Italian_language.svg/500px-Linguistic_map_of_the_Italian_language.svg.png?utm_source=en.wikipedia.org&utm_campaign=api&utm_content=thumbnail,"The Accademia della Crusca (Italian: [akkaˈdɛːmja della ˈkruska]; lit. 'Academy of the Bran'), generally abbreviated as La Crusca, is a Florence-based society of scholars of Italian linguistics and philology. It is one of the most important research institutions of the Italian language, as well as the oldest linguistic academy in the world.
The Accademia was founded in Florence in 1583, and has since been characterised by its efforts to maintain the purity of the Italian language. Crusca, which means ""bran"" in Italian, helps convey the metaphor that its work is similar to winnowing, as also does its emblem depicting a sifter for straining out corrupt words and structures (as bran is separated from wheat). The academy motto is ""Il più bel fior ne coglie"" ('She gathers the fairest flower'), a famous line by the Italian poet Petrarch. In 1612, the Accademia published the first edition of its dictionary, the Vocabolario degli Accademici della Crusca, which has served as the model for similar works in French, Spanish, German and English.
The academy is a member of the European Federation of National Linguistic Institutes.


== History ==


=== Origins ===

The founders were originally c",null,null,,null
Accademia delle Arti del Disegno,Accademia delle Arti del Disegno,예술대학,이탈리아 · 피렌체,,Q1760178,http://www.aadfi.it/,https://en.wikipedia.org/wiki/Accademia_delle_Arti_del_Disegno,https://upload.wikimedia.org/wikipedia/commons/thumb/2/24/Palazzo_dell%27arte_dei_beccai_01.JPG/500px-Palazzo_dell%27arte_dei_beccai_01.JPG?utm_source=en.wikipedia.org&utm_campaign=api&utm_content=thumbnail,"The Accademia delle Arti del Disegno (""Academy of the Arts of Drawing"") is an academy of artists in Florence, in Italy. It was founded on 13 January 1563 by Cosimo I de' Medici, under the influence of Giorgio Vasari. It was initially known as the Accademia e Compagnia delle Arti del Disegno (""Academy and Company of the Arts of Drawing"") and consisted of two parts: the company was a kind of guild for all working artists, while the academy was for more eminent artistic figures of the Medici court, and supervised artistic production in the Duchy of Florence.
Among those who have been members are Michelangelo, Lazzaro Donati, Francesco da Sangallo, Bronzino, Benvenuto Cellini, Giorgio Vasari, Bartolomeo Ammannati, and Giambologna. Most members of the Accademia were male; Artemisia Gentileschi was the first woman to be admitted.
In the twenty-first century its declared purposes are the promotion and diffusion of the arts, and the protection and conservation of cultural heritage worldwide. It organises conferences, concerts, book presentations and exhibitions, and elects noted artists from all over the world to honorary membership.


== History ==


=== The first Accademia ===
The first ",null,null,"아메데오 모딜리아니, Antonio Cardile, Vittorio Matteo Corcos, 로소 피오렌티노",null
Accademia di Belle Arti di Catania,Accademia di Belle Arti di Catania,예술대학,이탈리아 · 카타니아,1967,Q3604028,https://www.abacatania.it/,https://en.wikipedia.org/wiki/Accademia_di_Belle_Arti_di_Catania,,"The Accademia di Belle Arti di Catania is an academy of fine arts located in Catania, Sicily. It was founded in 1967 and started its activities in January 1968. As of 2013, it was the third academy of fine arts in Italy for number of students.


== References ==


== External links ==
Official website",null,null,,null
Accademia di Belle Arti di Catanzaro,Accademia di Belle Arti di Catanzaro,예술대학,이탈리아 · 카탄차로,1972,Q3604029,http://www.abacatanzaro.it/,https://en.wikipedia.org/wiki/Accademia_di_Belle_Arti_di_Catanzaro,,"The Accademia di Belle Arti di Catanzaro is an academy of fine arts located in Catanzaro, Italy. It was founded in 1972.


== References ==


== External links ==
Official website",null,null,,null
Accademia di Belle Arti di Foggia,Accademia di Belle Arti di Foggia,예술대학,이탈리아 · 포자,1970,Q3604031,http://www.abafg.it,https://en.wikipedia.org/wiki/Accademia_di_Belle_Arti_di_Foggia,,"The Accademia di Belle Arti di Foggia is an academy of fine arts located in Foggia, Italy. It was founded in 1970.


== References ==


== External links ==
Official website",null,null,,null
Accademia di Belle Arti di Lecce,Accademia di Belle Arti di Lecce,예술대학,이탈리아 · 레체,1960,Q3604032,http://www.accademiabelleartilecce.com,https://en.wikipedia.org/wiki/Accademia_di_Belle_Arti_di_Lecce,,"The Accademia di Belle Arti di Lecce is an academy of fine arts located in Lecce, Italy. It was founded in 1960.


== References ==


== External links ==
Official website",null,null,,null
Accademia di Belle Arti di Napoli,Accademia di Belle Arti di Napoli,예술대학,이탈리아 · 나폴리,1752,Q3604037,https://www.abana.it/,https://en.wikipedia.org/wiki/Accademia_di_Belle_Arti_di_Napoli,http://commons.wikimedia.org/wiki/Special:FilePath/Logo%20dell%27Accademia%20di%20Belle%20Arti%20di%20Napoli.jpg,"The Accademia di Belle Arti di Napoli (Naples Academy of Fine Arts) is a university-level art school in Naples. In the past it has been known as the Reale Istituto di Belle Arti and the Reale Accademia di Belle Arti. Founded by King Charles VII of Naples in 1752, it is one of the oldest art schools in Italy, and offers various levels of study up to and including the equivalent of an Italian laurea (the country's main post-secondary academic degree). It is located one block south of the church of Santa Maria di Costantinopoli, on the via of the latter church's name.


== History ==
The academy was founded in 1752 by Charles VII of Naples and had its origins in two schools, the Accademia del Disegno (Academy of Drawing) and the Accademia del Nudo (Academy of the Nude). It was originally housed in buildings attached to the church of San Carlo alle Mortelle. For many years its administration remained under the control of the Reale Laboratorio delle Pietre Dure (Royal Gemstone Laboratory) and the Reale Fabbrica degli Arazzi (Royal Tapestry Factory). Under Joseph Napoleon, King of Naples from 1806 to June 1808, it was given the name Reale Accademia di Belle Arti. Reforms in 1822 resulted",null,null,"Antonio Mancini, 주세페 데 니티스, Károly Ferenczy, Filippo Palizzi",null
Accademia di belle arti di Reggio Calabria,Accademia di belle arti di Reggio Calabria,예술대학,이탈리아 · 레조디칼라브리아,1967,Q3604034,https://www.abarc.it,https://en.wikipedia.org/wiki/Accademia_di_belle_arti_di_Reggio_Calabria,https://upload.wikimedia.org/wikipedia/commons/thumb/a/aa/Palazzo_accademia_Belle_Arti_%28Reggio_Calabria%29.jpg/500px-Palazzo_accademia_Belle_Arti_%28Reggio_Calabria%29.jpg?utm_source=en.wikipedia.org&utm_campaign=api&utm_content=thumbnail,"The Accademia di belle arti is an academy of fine arts located in Reggio Calabria, Italy. It was founded in 1967.


== References ==


== External links ==
Official website",null,null,,null
Accademia di belle arti di Sassari,Accademia di belle arti di Sassari,예술대학,이탈리아 · 사사리,1989,Q3604036,http://www.accademiasironi.it,https://en.wikipedia.org/wiki/Accademia_di_Belle_Arti_di_Sassari,,"The Accademia di Belle Arti ""Mario Sironi"" di Sassari is an academy of fine arts located in Sassari, Sardinia. It was founded in 1989 and it is the more recently established Italian state academy of fine art.


== References ==


== External links ==
Official website",null,null,,null
Accademia di Belle Arti di Urbino,Accademia di Belle Arti di Urbino,예술대학,이탈리아 · 우르비노,1967,Q3604039,http://www.accademiadiurbino.it,https://en.wikipedia.org/wiki/Accademia_di_Belle_Arti_di_Urbino,https://upload.wikimedia.org/wikipedia/commons/thumb/0/07/Facciata_ex_Convento_Scalzi_Urbino.jpg/500px-Facciata_ex_Convento_Scalzi_Urbino.jpg?utm_source=en.wikipedia.org&utm_campaign=api&utm_content=thumbnail,"The Accademia di Belle Arti di Urbino is an academy of fine arts located in Urbino, Marche. It was founded in 1967.


== References ==


== External links ==
Official website",null,null,,null
Accademia di Belle Arti di Venezia,Accademia di Belle Arti di Venezia,예술대학,이탈리아 · 베네치아,1750,Q338505,http://www.accademiavenezia.it,https://en.wikipedia.org/wiki/Accademia_di_Belle_Arti_di_Venezia,https://upload.wikimedia.org/wikipedia/commons/thumb/3/30/Casa_degli_Incurabili_Venezia_Zattere.jpg/500px-Casa_degli_Incurabili_Venezia_Zattere.jpg?utm_source=en.wikipedia.org&utm_campaign=api&utm_content=thumbnail,"The Accademia di Belle Arti di Venezia (English: Academy of Fine Arts of Venice) is a public tertiary academy of art in Venice, Italy.


== History ==
The Accademia di Belle Arti di Venezia was founded on 24 September 1750; the statute dates from 1756. The first director was Giovanni Battista Piazzetta; Gianbattista Tiepolo became the first president after his return from Würzburg. The academy was at first housed in a room on the upper floor of the Fonteghetto della Farina, a flour warehouse and market on the Grand Canal, close to Piazza San Marco. The space was insufficient, and students and teachers had to contend with the noise and dust of the market, which also occupied the first floor of the building.
Antonio Canova studied at the academy in the 1770s.
In 1807, the academy was re-founded by  Napoleonic decree. The name was changed from Veneta Academia di Pittura, Scultura e Architettura to Accademia Reale di Belle Arti, ""royal academy of fine arts"", and the academy was moved to premises in the Palladian complex of the Scuola della Carità.
In 1879, the Accademia di Belle Arti and the Gallerie dell'Accademia became administratively separate, but continued to share the same build",null,null,"아메데오 모딜리아니, 프란체스코 아예츠, 움베르토 보초니, Karl von Blaas",null
Accademia Ligustica di Belle Arti,Accademia Ligustica di Belle Arti,예술대학,이탈리아 · 제노바,1751,Q2822659,https://www.accademialigustica.it/,https://en.wikipedia.org/wiki/Accademia_Ligustica_di_Belle_Arti,https://upload.wikimedia.org/wikipedia/commons/thumb/7/7b/Accademia_Ligustica_di_Belle_Arti_a_piazza_De_Ferrari%2C_Genova.jpg/500px-Accademia_Ligustica_di_Belle_Arti_a_piazza_De_Ferrari%2C_Genova.jpg?utm_source=en.wikipedia.org&utm_campaign=api&utm_content=thumbnail,"The Accademia Ligustica di Belle Arti is a tertiary academy of fine arts located in Genoa, Italy. It also houses a museum (Museo dell'Accademia Ligustica di Belle Arti), which includes works of Giovanni Benedetto Castiglione, Giuseppe Abbati, Anton Raphael Mengs, Perin del Vaga, Luca Cambiaso, Bernardo Strozzi, Giovanni Battista Paggi, Sinibaldo Scorza, Domenico Fiasella, Luciano Borzone, Serafino De Tivoli, and Plinio Nomellini. The academy was founded in 1751.


== References ==


== External links ==
Official website",null,null,"Vanessa Beecroft, Gilberto Govi, Giulio Monteverde",null
"Accademia lucchese di scienze, lettere ed arti","Accademia lucchese di scienze, lettere ed arti",예술대학,이탈리아 · 루카,1584,Q338348,https://www.accademialucchese.it/,,,,null,null,,null
Accademia Pontaniana,Accademia Pontaniana,예술대학,이탈리아,1442,Q143886,http://www.accademiapontaniana.it/,https://en.wikipedia.org/wiki/Accademia_Pontaniana,https://upload.wikimedia.org/wikipedia/commons/c/c5/Accademia_Pontaniana_stemma.jpeg?utm_source=en.wikipedia.org&utm_campaign=api&utm_content=thumbnail_unscaled,"The Accademia Pontaniana was the first academy in the modern sense, as a learned society for scholars and humanists and guided by a formal statute. Patronized by Alfonso V of Aragon, it was founded by the poet Antonio Beccadelli in Naples during the revival of classical learning and later led by Giovanni Pontano who gave it a more official character to the meetings.


== History ==
The Accademia Antoniana as it was first called, was founded in 1458, but its origins dates back to 1443 in an academic circle around the Neapolitan scholar and poet Antonio Beccadelli. This circle met informally in the Castel Nuovo of Alfonso V of Aragon. After the death of Beccadelli in 1471 these meetings were overseen by Giovanni Pontano, hence the name Accademia Pontaniana.
During its centuries-old history, the Academy was closed twice. The first closure was in 1542 by the Spanish viceroy of Naples Pedro Álvarez de Toledo, Marquis of Villafranca, as part of his harsh policy of ""spagnolizzazione"" (""Spanish-ization"").  Revived in December 1808, and officially recognized by Royal Decree as an academy in 1825, it was again suppressed by the Fascist government in 1934 and its library burned in 1943. The A",null,null,Jacopo Sannazaro,null
Aegean Center for the Fine Arts,Aegean Center for the Fine Arts,예술대학,그리스 · Paros Municipality,,Q4687527,https://www.aegeancenter.com/,https://en.wikipedia.org/wiki/Aegean_Center_for_the_Fine_Arts,,"The Aegean Center for the Fine Arts was founded in 1966 by Brett Taylor, and has been overseen by its director, John Pack, since 1984. The center is an independent, non-profit  program located in Paros, Greece and Pistoia, Italy. Courses are offered in two semester-long sessions per year as well as summer intensive workshops and include painting, drawing, photography, printmaking, creative writing, art history, literature and classical singing. The center accepts a maximum of 24 students into each of its semester programs.
Taylor was both a painter and musician who gained a passion for Greece from one of his teachers at the Tyler School of Art in Philadelphia. Taylor's writings described the intentions for his program: ""...to get away from mass production and to meet a need for individualized instruction in an unfamiliar and very different setting which fosters a fresh perspective and independence...""  Under the directorship of John Pack the Center has undergone many changes in its programs and infrastructure. The Center and its cause continues to thrive this half century plus since its founding.


== References ==


== External links ==
Official website
The Institute of Internatio",null,null,,null
Aix-en-Provence School of Art,Aix-en-Provence School of Art,예술대학,프랑스 · 엑상프로방스,1765,Q3578379,http://www.ecole-art-aix.fr,,http://commons.wikimedia.org/wiki/Special:FilePath/Logo%20de%20l%27%C3%A9cole%20sup%C3%A9rieure%20d%27art%20Aix-en-Provence.jpg,,null,null,,null
Alanus University of Arts and Social Sciences,Alanus University of Arts and Social Sciences,예술대학,독일 · Alfter,1973,Q32773,http://www.alanus.edu/,https://en.wikipedia.org/wiki/Alanus_University_of_Arts_and_Social_Sciences,http://commons.wikimedia.org/wiki/Special:FilePath/Logo%20Alanus%20Hochschule.svg,"Alanus University of Arts and Social Sciences (Alanus Hochschule für Kunst und Gesellschaft) is a state-accredited private university in Alfter (near Bonn), Germany, providing education in the arts and social sciences up to doctorate level. It has offered accredited arts degrees since 2003 and other degrees since 2006. In 2010, the university was awarded institutional accreditation and the right to award doctorates by the German Council of Science and Humanities.
The university was founded as an anthroposophical art school in 1973. In cooperation with Rudolf Steiner University College, it publishes the international academic journal Research on Steiner Education.


== References ==


== External links ==

Official website",null,null,,null
American Academy of Art College,American Academy of Art College,예술대학,미국 · 시카고,1923,Q4742868,http://www.aaart.edu,https://en.wikipedia.org/wiki/American_Academy_of_Art_College,https://upload.wikimedia.org/wikipedia/commons/thumb/c/ce/American_Academy_of_Art.jpg/500px-American_Academy_of_Art.jpg?utm_source=en.wikipedia.org&utm_campaign=api&utm_content=thumbnail,"The American Academy of Art College was a private for-profit art school in Chicago, Illinois. It was founded in 1923 for the education of fine and commercial arts students. In July 2024, the college announced its pending closure.


== History ==
The American Academy of Art was founded in 1923 by Frank Young and Harry L. Timmins to train students for careers in commercial and fine art.


== Academics ==
Enrollment was typically between 400 and 500 students. Eight areas of study were offered for a Bachelor of Fine Arts degree, all of which required 126 credit hours to graduate. The academy was accredited by the Higher Learning Commission.


== Notable alumni ==
Joyce Ballantyne, illustrator
Thomas Blackshear, illustrator
Bruce Burns
Sandy Dvore, designer
Gil Elvgren, illustrator
George Hurrell, photographer
William Kuhlman, illustrator and wildlife artist 
Loren Long, author and illustrator
Rupert Kinnard
Alex Ross, comic book illustrator
Richard Schmid, painter
Richard Sloan, artist
Daniel Sotomayor, political cartoonist (attended but did not graduate)
Haddon Sundblom, illustrator
Jill Thompson, author and illustrator
John Tobias, game designer
Anthony Cruz, designer
Kanye West, rap",null,null,"거트루드 에이버크롬비, John Tobias, 앨릭스 로스, 카니예 웨스트",null
American Academy of the Fine Arts,American Academy of the Fine Arts,예술대학,미국 · 뉴욕주,1802,Q4742912,http://www.nationalacademy.org/,https://en.wikipedia.org/wiki/American_Academy_of_the_Fine_Arts,,"The American Academy of the Fine Arts was an art institution founded in 1802 in New York City, to encourage appreciation and teaching of the classical style. It exhibited copies of classical works and encouraged artists to emulate the classical in their work.  Richard Varick, the mayor of New York, and Gulian Verplanck, a New York politician, were some of the academy's original organizers. Younger artists grew increasingly restive under its constraint, and in 1825 left to found the National Academy of Design.


== History ==

The academy's original name was the New York Academy of the Fine Arts. Its founders included Richard Varick, a mayor of New York City, and Gulian C. Verplanck, a future influential politician in the state and nationally.
A conservative organization, the academy was led by John Trumbull, a painter, who served as its president from 1817 to 1836. He had long practiced the classical ideal of art and became known as a tyrant in his attitude toward young painters. The academy's conservatism and Trumbull's unyielding attitude eventually led to such a level of dissatisfaction among the younger painters that they formed a splinter group.
In 1825, they abandoned the Ame",null,null,,null
Art Academy Königsberg,Art Academy Königsberg,예술대학,러시아 · 쾨니히스베르크,1841,Q830425,,https://en.wikipedia.org/wiki/Kunstakademie_K%C3%B6nigsberg,https://upload.wikimedia.org/wikipedia/commons/thumb/5/51/ID003535_A437_Kunstakademie.jpg/500px-ID003535_A437_Kunstakademie.jpg?utm_source=en.wikipedia.org&utm_campaign=api&utm_content=thumbnail,"The Kunstakademie Königsberg was a visual arts school in Königsberg, Germany. It focused on genre works, landscape art, and marine art, especially of East Prussia, as well as sculpture and architecture. It regularly consisted of 8 teachers and 40–50 students.


== History ==
The Kunst- und Zeichenschule (art and drawing school), or Kunstschule (art school), was founded at Königsberg Castle in 1790. 
In 1833 the Governor of Prussia, Theodor von Schön, desired to open a public hall to exhibit works for the city's municipal art gallery, university, and art school. On 10 March 1838 King Frederick William III of Prussia granted the Kleiner Jägerhof palace on Königstraße in eastern Königsberg for this purpose. The Kleiner Jägerhof was dismantled and a new structure was built from 1838 to 1841 in the classical style.
Schön suggested the creation of an art academy in the new building to Culture Minister Johann von Eichhorn on 14 May 1841. Supported by Professor Ernst August Hagen, Schön then petitioned Frederick William III in October 1841, with King Frederick William IV granting his approval in a cabinet order on 3 May 1842. The new art academy opened in 1845 under the direction of histor",null,null,"케테 콜비츠, Waldemar Philippi, 로비스 코린트",null
Art Academy of Cincinnati,Art Academy of Cincinnati,예술대학,미국 · 오하이오주,1869,Q4796670,http://www.artacademy.edu,https://en.wikipedia.org/wiki/Art_Academy_of_Cincinnati,https://upload.wikimedia.org/wikipedia/commons/thumb/4/47/Art-Academy-of-Cincinnati.jpg/500px-Art-Academy-of-Cincinnati.jpg?utm_source=en.wikipedia.org&utm_campaign=api&utm_content=thumbnail,"The Art Academy of Cincinnati is a private college of art and design in Cincinnati, Ohio, United States. It was founded as the McMicken School of Design in 1869, and was a department of the University of Cincinnati, and later in 1887, became the Art Academy of Cincinnati, the museum school of the Cincinnati Art Museum. The college is accredited by the National Association of Schools of Art and Design, and a member of the Strategic Ohio Council for Higher Education (SOCHE).


== History ==
In 1998, the Art Academy of Cincinnati legally separated from the museum and became an independent college of art and design. Degrees granted are the Associate of Science in Graphic Design; the Bachelor of Fine Arts in Creative Writing, Design, Illustration, Painting and Drawing, Photography, Print Media, and Sculpture; and the Master of Arts in Art Education, which is taught during summer semesters.
The Art Academy moved into its current facility at 1212 Jackson St. in the Over-the-Rhine neighborhood in the fall of 2005. This move has been pivotal in the Over-the-Rhine revitalization and renovation as an arts district. The new facility provides 24-hour access for students with around the clock se",null,null,"리처드 F. 아웃콜트, Elizabeth Nourse, Enid Yandell",null
Art and Design University of Cluj-Napoca,Art and Design University of Cluj-Napoca,예술대학,루마니아 · 클루지나포카,1926,Q835079,http://www.uad.ro/,https://en.wikipedia.org/wiki/Art_and_Design_University_of_Cluj-Napoca,https://upload.wikimedia.org/wikipedia/commons/1/19/Art_and_Design_University_of_Cluj-Napoca_Logo.png?utm_source=en.wikipedia.org&utm_campaign=api&utm_content=thumbnail_unscaled,"The Art and Design University (Romanian: Universitatea de Artă şi Design, UAD;) is an art university located in Cluj-Napoca, Romania. It was founded on November 15, 1925, as the Fine Arts School of Cluj. It was formerly known as Academy of Visual Arts ""Ioan Andreescu"" until 30 June 2000.


== Faculties ==
The university has two faculties:

Faculty of Graphic Arts
Faculty of Decorative Arts and Design


== Undergraduate school ==
The undergraduate school includes the following departments:

Department of Painting
Department of Sculpture
Department of Graphic Arts - Drawing - Painting - Printmaking - Illustration - Graphic design
Department of Fine arts, Photography and Video processing
Department of Conservation and Restoration
Department of Art education and Decorative arts
Department of Ceramics - Glass
Department of Textile arts and Textile design
Department of Wardrobe stylist and Fashion design
Department of Design and Industrial design
Department of Art history and Theory of art


== Graduate school ==
The graduate school offers the following degree programs: 

Master's degrees in Painting
Master's degrees in Sculpture
Master's degrees in Drawing, Painting and Printmaking
Mast",null,null,,null
Art Institute of Atlanta,Art Institute of Atlanta,예술대학,미국 · 애틀랜타,1949,Q4796885,http://www.artinstitutes.edu/atlanta,https://en.wikipedia.org/wiki/Art_Institute_of_Atlanta,https://upload.wikimedia.org/wikipedia/commons/thumb/1/1d/6600_Peachtree_Dunwoody_Rd%2C_Atlanta%2C_GA%2C_Feb_2020.jpg/500px-6600_Peachtree_Dunwoody_Rd%2C_Atlanta%2C_GA%2C_Feb_2020.jpg?utm_source=en.wikipedia.org&utm_campaign=api&utm_content=thumbnail,"The Art Institute of Atlanta was a private for-profit art school in Atlanta, Georgia. It was owned by the Education Principle Foundation. The school was part of the Art Institutes chain of art schools. It awarded associate and bachelor's degrees, including Bachelor of Fine Arts (BFA) degrees, Bachelor of Arts (BA) degrees, and Bachelor of Science (BS) degrees, and also offered diploma and non-degree programs. The school closed along with all Art Institute schools in September 2023.


== History ==
The Art Institute of Atlanta was founded in 1949 as Massey Business College, with diploma programs in basic business and secretarial skills. The school added liberal arts, fashion, and interior design during the next two decades.
In 1975, the school was acquired by Education Management Corporation (EDMC) and was renamed The Art Institute of Atlanta. The  college also shifted its focus to a creative applied arts curriculum. Located at 6600 Peachtree Dunwoody Road N.E., 100 Embassy Row, Atlanta, GA 30328 (the 5-story building was torn down around 2004.) Accreditation by the Commission on Colleges of the Southern Association of Colleges and Schools soon followed in 1986.
In 1999, the college",null,null,,null
Art Institute of Buffalo,Art Institute of Buffalo,예술대학,미국 · 버펄로,1931,Q4796887,,https://en.wikipedia.org/wiki/Art_Institute_of_Buffalo,https://upload.wikimedia.org/wikipedia/commons/8/82/Art_Institute_of_Buffalo_painting_class%2C_1940.jpg?utm_source=en.wikipedia.org&utm_campaign=api&utm_content=thumbnail_unscaled,"The Art Institute of Buffalo was an art school in Buffalo, New York. It opened its doors in 1931, and continued to produce graduates until the institute closed in 1956. The faculty included a number of well-known artists. Many students of the institute went on the successful careers as professional artists, most settling in western New York.


== Institute faculty ==
The institute had many well-known artists on the faculty, including Charles E. Burchfield, Edwin Dickinson, David Foster Pratt, Tony Sisti, Earl Stroh, Isaac Soyer, and William B. Rowe who directed the institute from 1942 until 1945.
The best known member of the institute was Charles Burchfield. By the time he joined the faculty in 1950, Burchfield was already hailed as a ""distinguished American painter"". While at the institute, he taught watercolor and oil painting. Burchfield had an informal teaching style, and often took his students outdoors to work from nature. Following classes, it was common for him to join students for coffee at a local restaurant. In addition to his classes, Burchfield also gave private lesson at the institute.
William Ehrich became a popular sculpture instructor by open carving demonstration ",null,null,,null
Art Institute of Dallas,Art Institute of Dallas,예술대학,미국 · 댈러스,1964,Q4796893,http://www.artinstitutes.edu/dallas/,https://en.wikipedia.org/wiki/Art_Institute_of_Dallas,,"The Art Institute of Dallas in Dallas, Texas, United States, was a private for-profit art school owned and operated by Miami International University of Art & Design. The Art Institute of Dallas offered associate degree and bachelor's degree programs for fashion design, fashion marketing management, interior design, graphic design, media arts & animation, advertising design, baking & pastry, photography, web design & interactive media, digital filmmaking & video production, audio production, and culinary arts. All Art Institute schools closed permanently on September 30, 2023.


== History ==
The Art Institute of Dallas was established in 1964 as the Dallas Fashion Merchandising College. It was later renamed in 1978 to the Fashion and Art Institute of Dallas. A year later, the Institute was approved to grant an Associate of Applied Arts Degree. In 1984, the Institute was acquired by the Education Management Corporation (EDMC) to join The Art Institutes, and now bears its current name The Art Institute of Dallas. EDMC expanded The Art Institutes by investing in facilities and equipment, adding personnel to faculty and student services, and establishing a national marketing presence.",null,null,,null
Art Institute of Philadelphia,Art Institute of Philadelphia,예술대학,미국 · 펜실베이니아주,,Q2864539,http://www.artinstitutes.edu/philadelphia/,https://en.wikipedia.org/wiki/Art_Institute_of_Philadelphia,,"The Art Institutes (AI) were a private for-profit system of art schools in the United States.
The Art Institutes offered programs at the certificate, associate's, bachelors, and master's levels. Areas of study included graphic design, media arts and animation, culinary arts, photography, digital filmmaking, interior design, audio production, fashion design, and game art and design. By 2012, there were 50 campuses with roughly 80,000 enrolled students. Long owned by Education Management Corporation (EDMC), the Art Institutes were sold in 2017 to the Dream Center Foundation, a Los Angeles–based Pentecostal organization. From 2019 to 2023, the Art Institutes were owned by the Education Principle Foundation (formerly known as Colbeck Foundation), a non-profit that also owned South University. In 2022, South University separated from the Education Principle Foundation and, by extension, the Art Institutes.
The Art Institutes faced accreditation and legal issues, and student loan debtors have appealed to the US Department of Education for debt cancellation through defense to repayment claims. These efforts are premised on allegations they were defrauded. The student debt group ""I Am Ai"" ",null,null,아이시스 킹,null
Art Institute of Portland,Art Institute of Portland,예술대학,미국 · 포틀랜드,1963,Q3444443,http://www.artinstitutes.edu/portland/,https://en.wikipedia.org/wiki/Art_Institute_of_Portland,https://upload.wikimedia.org/wikipedia/commons/thumb/7/73/Portland_art_institute_ne_corner_P2047.jpeg/500px-Portland_art_institute_ne_corner_P2047.jpeg?utm_source=en.wikipedia.org&utm_campaign=api&utm_content=thumbnail,"The Art Institute of Portland was a for-profit art school in Portland, Oregon, which briefly operated as a non-profit institution before it closed in 2018. The school was one of a number of Art Institutes, a franchise of for-profit art colleges with many branches in North America, owned and operated by Education Management Corporation. EDMC owned the college from 1998 until 2017, when, facing significant financial problems and declining enrollment, the company sold the Art Institute of Portland, along with 30 other Art Institute schools, to Dream Center Education, a Los Angeles–based Pentecostal organization. Dream Center permanently closed 18 Art Institute schools, including the Art Institute of Portland, at the end of 2018.


== Campus ==
Located in Portland's Pearl District, the school had two computer labs, multiple animation and video labs, a recording studio, library, and a public art gallery. The Marcia Policar Gallery at The Art Institute of Portland displayed both student work and work of local artists and designers.


== History ==
The school was formerly named Bassist College and was acquired by Education Management Corporation (EDMC) in 1998. Bassist College was founded",null,null,,null
Art Institutes International Minnesota,Art Institutes International Minnesota,예술대학,미국 · 미니애폴리스,1964,Q4796890,http://www.aim.artinstitutes.edu,https://en.wikipedia.org/wiki/Art_Institutes_International_Minnesota,,"The Art Institutes International Minnesota was a for-profit college in Minneapolis, Minnesota. It was part of The Art Institutes, a system of proprietary colleges focusing on creative industries.   The Art Institutes International Minnesota offered certificate, associate, and bachelor's degrees and at one time had an enrollment of over 2,000 students. On June 10, 2016, it was announced that the school would stop enrolling students into its programs effective immediately, closing its doors in July 2019 with the graduation of its final class.


== History ==
Located in downtown Minneapolis, The Art Institutes International Minnesota prepared students for careers in the visual and practical arts. The Art Institutes International Minnesota was founded in 1964 by Petrena Lowthian establishing what was to become Lowthian College.
In 1981, Lowthian College was authorized to award the Associate in Applied Science degree. The Art Institutes acquired the College in early 1997.
Former presidents include:

1997 – 2001: Glenn Johannesen
2002-2004: Dr. Alan Stutts
2004-2006: Larry Horn
2006-2008: Joseph Marzano
2008-2010: William A. Johnson
2010 – 2012: Dr. Jeffrey Allen


== References ==",null,null,,null
Arts University Plymouth,Arts University Plymouth,예술대학,영국 · City of Plymouth,1856,Q7205783,http://www.plymouthart.ac.uk,https://en.wikipedia.org/wiki/Arts_University_Plymouth,https://upload.wikimedia.org/wikipedia/commons/thumb/e/ed/Plymouth_College_of_Art%2C_Tavistock_Place.jpg/500px-Plymouth_College_of_Art%2C_Tavistock_Place.jpg?utm_source=en.wikipedia.org&utm_campaign=api&utm_content=thumbnail,"Arts University Plymouth is a public university located in Plymouth in South West England. The former Plymouth College of Art was officially granted university status in 2022. In April 2019 the specialist college was awarded taught degree awarding powers (TDAP) by the Quality Assurance Agency for Higher Education (QAA), granting the institution the authority to award and accredit its own BA (Hons) degrees and Masters awards.
The University provides creative education at undergraduate, postgraduate and pre-degree level, specialising in the fields of art, design, crafts and media. Pre-Degree courses include the Foundation Diploma in Art and Design, which is taught at Palace Studios, the University's dedicated Foundation Diploma building.
Arts University Plymouth is an official Adobe Creative Campus.


== History ==
Founded as the Plymouth Drawing School in 1856, Arts University Plymouth is one of the last specialist art schools in the United Kingdom.
The University has delivered higher education (HE) provision for over 20 years, initially as part of an indirect funding partnership with the University of Plymouth to develop foundation degrees. In 2006, the Higher Education Funding Cou",null,null,"찰스 댄스, David McKee",null
Athens School of Fine Arts,Athens School of Fine Arts,예술대학,그리스 · 아테네,1837,Q414014,http://www.asfa.gr,https://en.wikipedia.org/wiki/Athens_School_of_Fine_Arts,http://commons.wikimedia.org/wiki/Special:FilePath/Athens%20School%20of%20Fine%20Arts%20%28emblem%29.svg,"The Athens School of Fine Arts (ASFA; Greek: Ανωτάτη Σχολή Καλών Τεχνών, romanized: Anōtátī Scholī́ Kalṓn Technṓn, ΑΣΚΤ) is a Greek higher education institution, specializing in the visual arts.


== History ==
The Athens School of Fine Arts was established on 12 January 1837, known as the School for the Arts. In the beginning the school of arts included three departments: the Crafts School (part-time school), Industrial Crafts School (full-time school) and Fine Arts School (full-time higher education).
The third department was the real ancestor of today's School of Fine Arts and began to function as a daily school in 1840.  In this department subjects like painting, sculpture, architecture, lithography, woodcut, geometry and cartography were taught. The same year Duchess of Plaisance who lived in Greece contributed in upgrading the school. She enriched the school's program with new types of painting lessons and called the French painter Bonirote (one of Jean Auguste Dominique Ingres's students) in order to teach oil painting courses. Bonirote was a teacher there until 1843.
In 1843 with royal decree School of Fine Arts was promoted in a five-year study higher education school. Dir",null,null,"Fotis Kontoglou, Theodoros Vryzakis, 니코스 엥고노풀로스, 반젤리스",null
Australian Academy of Design,Australian Academy of Design,예술대학,오스트레일리아 · 빅토리아주,1998,Q4823780,http://www.academyofdesign.edu.au,,,,null,null,,null
Avni Institute of Art and Design,Avni Institute of Art and Design,예술대학,이스라엘 · 텔아비브,1936,Q2909164,http://www.avni.org.il,https://en.wikipedia.org/wiki/Avni_Institute_of_Art_and_Design,https://upload.wikimedia.org/wikipedia/commons/thumb/2/26/Eilat-6-among-palm-trees.jpg/500px-Eilat-6-among-palm-trees.jpg?utm_source=en.wikipedia.org&utm_campaign=api&utm_content=thumbnail,"Avni Institute of Art and Design is an Israeli art school located in Tel Aviv. The school was founded by Aharon Avni, Yehezkel Streichman and Moshe Sternschuss. It first named the Histadrut’s painting and sculpture studio, after a school of the same name founded by Yitzhak Frenkel in the 1920s. 


== History ==
The Studia school (later Avni Institute) was established in 1936  by a group of Jewish artists. Among the founders was Aharon Avni, who became the school's first director. After Avni's death the school was renamed in his memory. Several of the founding faculty teachers such Avigdor Stematsky, Yehezkel Streichman and Aharon Avni were students of School of Paris artist Yitzhak Frenkel.
The school offers degrees in art and design and architecture. It also runs a Bachelor of Arts program in collaboration with the Open University of Israel.

The Avni Institute is located in a complex of  buildings on Eilat Street in South Tel Aviv. The buildings are named after the school's leading teachers. On the premises is a   large gallery space where students can exhibit their works.


== Notable faculty and alumni ==


=== Faculty ===
Tuvia Beeri
Pinchas Cohen Gan
Yehezkel Streichman
Avigd",null,null,"Zvi Hecker, Menashe Kadishman, Yona Wallach",null
Basel Academy of Art and Design FHNW,Basel Academy of Art and Design FHNW,예술대학,스위스 · 바젤,1999,Q1622181,http://www.fhnw.ch/hgk/,,http://commons.wikimedia.org/wiki/Special:FilePath/FHNW%20Logo.svg,,null,null,Katja Loher,null
Bath School of Art and Design,Bath School of Art and Design,예술대학,영국 · 바스,1852,Q4868944,,https://en.wikipedia.org/wiki/Bath_School_of_Art_and_Design,,"Bath School of Art and Design is an art college in Bath, England, now known separately as the Bath School of Art, Film and Media and the Bath School of Design. It forms part of the Bath Spa University whose main campus is a few miles from the city centre at Newton Park. The two schools are based at the Locksbrook Campus, on the River Avon, in the west of the city. The Heads of School are Darren Kerr (School of Art, Film and Media) and Kristin Doern (School of Design).


== History ==
Bath School of Art was founded in 1852 following The Great Exhibition of 1851. The Bath Directory for 1856 shows its location at Weymouth House (roughly the rear of the present Marks and Spencers store) and its Master as Anthony Carey Stannus, an Irish painter noted for marine scenes and who later helped establish a society which evolved into the Royal Ulster Academy. By the 1858 edition he had been succeeded by John J. Drummond, who by 1860 had set up his own Mr Drummond's School of Art at 3 Bladud Buildings, and later (1862) at 5 Princes Buildings almost opposite.
The original School moved to Hetling House, Westgate Buildings, an ancient building which George Newenham Wright in his Historic Guide to ",null,null,"로저 디킨스, Howard Hodgkin, Salima Hashmi",null
Baum School of Art,Baum School of Art,예술대학,미국 · 펜실베이니아주,1926,Q4873535,http://www.baumschool.org,https://en.wikipedia.org/wiki/Baum_School_of_Art,,"The Baum School of Art is a non-profit community art school located in Allentown, Pennsylvania.
In 2016–2017, the school had a total enrollment of 3,346 students, 1,921 of which were children and teens, and 1,425 of which were adults. 178 classes were offered for children and teens, and 168 for adult students.


== History ==

The school was established in the summer of 1926, when artist Walter Emerson Baum was recruited by Blanche Lucas to provide art instruction to art teachers of the Allentown School District.  Feedback was so positive that Baum was asked to return repeatedly, and classes became known as ""The Baum School.""


=== Circulating picture club ===
Originally established in 1933 by Walter Emerson Baum, the Circulating Picture Club provides paintings for subscribers including banks, professional and business offices, government offices, and educational institutions.  The Circulating Picture Club has over 586 pictures in circulation by artists, including Baum, John E. Berninger, and others.


== Historical locations ==


== See also ==
List of historic places in Allentown, Pennsylvania


== References ==


== External links ==
Official website",null,null,,null
Beaux-Arts Institute of Design,Beaux-Arts Institute of Design,예술대학,미국 · 뉴욕주,1916,Q4877968,,https://en.wikipedia.org/wiki/Beaux-Arts_Institute_of_Design,https://upload.wikimedia.org/wikipedia/commons/thumb/b/b6/MAIN_ELEVATION_-_Reeves_Sound_Studio%2C_304_East_Forty-fourth_Street%2C_New_York%2C_New_York_County%2C_NY_HABS_NY%2C31-NEYO%2C100-1.tif/lossy-page1-500px-MAIN_ELEVATION_-_Reeves_Sound_Studio%2C_304_East_Forty-fourth_Street%2C_New_York%2C_New_York_County%2C_NY_HABS_NY%2C31-NEYO%2C100-1.tif.jpg?utm_source=en.wikipedia.org&utm_campaign=api&utm_content=thumbnail,"The Beaux-Arts Institute of Design (BAID, later the National Institute for Architectural Education) was an art and architectural school at 304 East 44th Street in Turtle Bay, Manhattan, in New York City. It was founded in 1916 by Lloyd Warren for the training of American architects, sculptors and mural painters consistent with the educational agenda of the French École des Beaux-Arts. The building is now home to Egypt's mission to the United Nations.


== Origins ==
BAID grew out of the Society of Beaux-Arts Architects, a formal club of American architects who had attended the Parisian school.
From its beginning in 1894, the Society of Beaux-Arts Architects had been interested in improving architectural education in the U.S..  It took on the task of developing standard architectural ""programmes"" for design problems to be given as assignments in architecture schools and in independent ateliers.  The intent was to raise performance standards, but the effect also was to standardize the way architecture was taught all across the United States.  By 1900, most American architecture schools and many independent ateliers were participating.  By 1916 the burden of providing problem statemen",null,null,,null
Billy Blue College of Design,Billy Blue College of Design,예술대학,오스트레일리아,2013,Q4912221,https://www.billyblue.edu.au/,https://en.wikipedia.org/wiki/Billy_Blue_College_of_Design,https://upload.wikimedia.org/wikipedia/commons/thumb/7/72/Billy_Blue_College_of_Design_at_Torrens_University_Australia_campus.jpg/500px-Billy_Blue_College_of_Design_at_Torrens_University_Australia_campus.jpg?utm_source=en.wikipedia.org&utm_campaign=api&utm_content=thumbnail,"Billy Blue College of Design is an Australian private design college with campuses in Sydney, Melbourne and Brisbane. It is focused on teaching a combination of design disciplines including graphic design, digital media, branded fashion, interior design, gaming, 3D design and animation, user experience design, and communication design.
The college is named for Billy Blue, an African American figure in Australian colonial history, arriving on the First Fleet and credited as the founder of Sydney's North Shore.
The college is part of Torrens University Australia, itself part of Strategic Education, Inc. The college was previously part of Think Education which was owned by SEEK Learning.
Current and former Torrens University colleges include: APM College of Business and Communication, CATC Design School, William Blue College of Hospitality Management, Southern School of Natural Therapies, Australian National College of Beauty, Australasian College of Natural Therapies and Jansen Newman Institute. Together these colleges have in excess of 19,000 students enrolled.


== History ==
Billy Blue College of Design began in 1977 as 'Billy Blue' - a magazine publishing colloquial Australian wr",null,null,,null
Birmingham School of Art,Birmingham School of Art,예술대학,영국 · Birmingham,1843,Q4916799,https://www.bcu.ac.uk/art,https://en.wikipedia.org/wiki/Birmingham_School_of_Art,https://upload.wikimedia.org/wikipedia/commons/thumb/7/73/BirminghamBIADFineArtMargaretStreet.jpg/500px-BirminghamBIADFineArtMargaretStreet.jpg?utm_source=en.wikipedia.org&utm_campaign=api&utm_content=thumbnail,"The Birmingham School of Art was a municipal art school based in the centre of Birmingham, England. Although the organisation was absorbed by Birmingham Polytechnic in 1971 and is now part of Birmingham City University's Faculty of Arts, Design and Media, its Grade I listed building on Margaret Street remains the home of the university's Department of Fine Art and is still commonly referred to by its original title.


== History ==
The origins of the School of Art lie with the Royal Birmingham Society of Artists, who founded the Birmingham Government School of Design in 1843. George Wallis (1811–1891), Wolverhampton-born artist and art educator, was its headmaster in 1852–1858.
In 1877, the Town Council was persuaded by the school's energetic headmaster Edward R. Taylor to take the school over and expand it to form the United Kingdom's first municipal college of art. With funding coming from Sir Richard and George Tangye, the current building was commissioned from architect John Henry Chamberlain.
In 1885, the school became the first Municipal School of Art. It later becomes the leading centre for the Arts and Crafts Movement.
An associated School of Architecture was formed in 1909",null,null,"Helen Allingham, Constance Smedley",null
Blue Lake Fine Arts Camp,Blue Lake Fine Arts Camp,예술대학,미국,1966,Q4929328,https://bluelake.org/,https://en.wikipedia.org/wiki/Blue_Lake_Fine_Arts_Camp,http://commons.wikimedia.org/wiki/Special:FilePath/BLIB%20Stage81.png,"Blue Lake Fine Arts Camp is a Michigan nonprofit organization located in the Manistee National Forest that provides summer fine arts camp and international exchange programs in music, art, dance, and drama.
The Blue Lake Fine Arts Camp was founded as a non-profit organization in 1966 by the Stansell family, who remain the multi-generational proprietors of the institution. The camp is located on approximately 1200 acres in the Manistee National Forest in Michigan. It can host 4500  5th through 12th grade students across several 12-day sessions each summer. It operates FM radio stations locally and in Grand Rapids that are National Public Radio affiliates.
The Blue Lake campus is split into Central Camp and Bernstein Camp. While Central hosts high-school age students during sessions 1 and 2, Bernstein hosts middle-school age students, and while Central hosts middle-school age students during sessions 3 and 4, Bernstein hosts rising 5th through 7th graders. For Central campers, numerous majors or study areas are offered, including theater, band, orchestra, choir, art, dance, among others. Bernstein campers may choose between a Band major or an Orchestra major. Both Central and Berenst",null,null,,null
Braunschweig University of Art,Braunschweig University of Art,예술대학,독일 · 브라운슈바이크,1963,Q879216,http://www.hbk-bs.de/,https://en.wikipedia.org/wiki/Braunschweig_University_of_Art,https://upload.wikimedia.org/wikipedia/commons/thumb/1/14/Hbk_braunschweig_bibliothek.jpg/500px-Hbk_braunschweig_bibliothek.jpg?utm_source=en.wikipedia.org&utm_campaign=api&utm_content=thumbnail,"The Braunschweig University of Art (Hochschule für Bildende Künste Braunschweig, HBK) is the second largest fine arts college in Germany.


== History ==
The history goes back to the “Zeichnen-Instithut” (Drawing Institute) founded by the Brunswick Business Association in 1841 and which was first led by Johannes Selenka. From that Drawing Institute, the state-approved urban “Handwerker-Kunstgewerbeschule” (Artisan Arts and Crafts School) developed via various stages, and shortly thereafter the “Meisterschule des Deutschen Handwerks” (Master School of German Craftsmanship) developed.
The real precursor of the HBK was founded in 1952: the urban Werkkunstschule Braunschweig (School of applied art). It became the Staatliche Hochschule für Bildende Künste (State College of Fine Arts) – abbreviated as SHFBK - and in 1978 it became the HBK. The SHFBK was already equated with the academic universities of Lower Saxony since 1972 and a few years later it was included in the Lower Saxony Higher Education Act as an artistic and scientific university. Since then the HBK has the right to award doctoral degrees as well as habilitation. Associated with this recognition was an extension in staff an",null,null,"세바스티안 비니에크, Sascha Weidner",null
Bucharest National University of Arts,Bucharest National University of Arts,예술대학,루마니아 · 부쿠레슈티,1864,Q1474930,http://www.unarte.ro,https://en.wikipedia.org/wiki/Bucharest_National_University_of_Arts,http://commons.wikimedia.org/wiki/Special:FilePath/UNArte.jpg,"The National University of Arts in Bucharest  (Romanian: Universitatea Națională de Arte) is a university in Bucharest preparing students in fine arts.
The National University of Arts is a higher education institution in Bucharest.


== History ==

The National School of Fine Arts was founded on 5 October 1864 through a decree issued by the ruler Alexandru Ioan Cuza and as a result of the efforts pursued by the painters Theodor Aman and Gheorghe Tattarescu. This fine arts institution from Bucharest has had a number of official denominations over time:

1864 – The National School of Fine Arts (Școala Națională de Arte Frumoase)
1931 – The Fine Arts Academy (Academia de Belle-Arte)
1942 – The Higher School of Arts in Bucharest (Școala Superioară de Arte din București)
1948 – The Fine Arts Institute  ""Nicolae Grigorescu"" (Institutul de Arte Plastice ""Nicolae Grigorescu"")
1990 – The Academy of Arts (Academia de Arte)
1995 – The University of Arts (Universitatea de Arte)
2002 – The National University of Arts in Bucharest (Universitatea Națională de Arte București)
The School had various departments: painting, sculpture, engraving, architecture, line drawing, aesthetics, history and per",null,null,"콘스탄틴 브랑쿠시, Sabin Bălașa, 안드레이 플레슈, Victor Brauner",null
Burg Giebichenstein University of Art and Design Halle,Burg Giebichenstein University of Art and Design Halle,예술대학,독일 · 할레,1915,Q1011953,https://www.burg-halle.de/,https://en.wikipedia.org/wiki/Burg_Giebichenstein_University_of_Art_and_Design,http://commons.wikimedia.org/wiki/Special:FilePath/Fhburg.svg,"Burg Giebichenstein Kunsthochschule Halle (BURG) is the university of art and design in Halle an der Saale that was established in 1915. With a student body numbering over 1,000, BURG is one of the largest universities of art and design in Germany. It offers 20 art and design degree programmes in two faculties.
BURG is located on the lower fortress of Giebichenstein Castle above the right bank of Saale River on the city's northern border. Part of the Art campus is on the grounds of the former Hermes print finishing company in north-eastern Halle and the rest is combined with the Design campus on Neuwerk to the east of Mühlgraben, the old water channel for the town's mill.


== History and present ==
Today's Burg Giebichenstein University of Art and Design Halle is the successor to the Commercial Draughtsman and Artisan’s School of the city of Halle. That school was established in 1879 when the Provincial Trade School Halle (est. 1852) and the Commercial Draughtsman’s School (est. 1870) merged. Today's university of art and design counts the hour of its birth as 1 July 1915, when the architect, Paul Thiersch, began his term as director. The school's name was Halle School of Artisans",null,null,,null
Burren College of Art,Burren College of Art,예술대학,아일랜드 · Ballyvaughan,1993,Q5000415,http://www.burrencollege.ie,https://en.wikipedia.org/wiki/Burren_College_of_Art,,"Burren College of Art is a nonprofit independent art college specialising in undergraduate and graduate Fine Art education in Ballyvaughan, County Clare, Ireland. The Master of Fine Art programme is accredited by the University of Galway. The college has a substantial gallery space.


== About ==
The Burren College of Art was founded by Michael Greene and his wife, Mary Hawkes Greene, in 1993. They renovated a Norman tower house, called Newtown Castle, and its grounds. Buildings were added over time, including a new graduate studio and the largest gallery space in County Clare.

The Burren College of Art is a unique experiment in art education, based in a unique rural landscape.
—Eimear McKeith, Circa MagazineThe college hosted summer classes and study abroad students from the US. It started the first Masters of Fine Art in Ireland in 2003 and the first studio-based PhD in 2007, both conferred by the National University of Ireland, Galway. In 2007 Circa Art Magazine called the college a ""high-standard, third-level art education cheek by jowl with Clare’s grykes and clints"".


== Academic partners ==
University of Galway
Royal College of Art, London
The School of the Art Institute o",null,null,,null
Burslem School of Art,Burslem School of Art,예술대학,영국,,Q5000623,,https://en.wikipedia.org/wiki/Burslem_School_of_Art,https://upload.wikimedia.org/wikipedia/commons/thumb/5/57/Burslem_school_of_art.JPG/500px-Burslem_school_of_art.JPG?utm_source=en.wikipedia.org&utm_campaign=api&utm_content=thumbnail,"Burslem School of Art is a listed building in the centre of the town of Burslem in the Potteries district of England. It was built to house the town´s art school. Students from the school played an important role in the local pottery industry.  The venue was refurbished and re-opened for the arts in 1999.


== History ==
Pottery was made on the site of the school from the early Middle Ages.
The art school originated in 1853. In the nineteenth century each of the towns making up the (future) city of Stoke-on-Trent founded its own art school, the Burslem school moving into the Wedgwood Institute when it was completed in the 1860s. In 1906 the foundation stone was laid of a purpose-built art school, and the institution moved across Queen Street to this accommodation designed by A.R. Wood, a local architect. The new building with its distinctive large windows helped Burlem School of Art become pre-eminent in the district. Its heyday was recalled in Pottery Ladies, a series of TV documentaries made in 1985.
At the time of the foundation of North Staffordshire Polytechnic in 1971, Burslem School of Art was one of three sites used by the Stoke-on-Trent College of Art. However, the Polytec",null,null,,null
BYU College of Fine Arts and Communications,BYU College of Fine Arts and Communications,예술대학,미국 · 프로보,1925,Q4836887,http://cfac.byu.edu,https://en.wikipedia.org/wiki/BYU_College_of_Fine_Arts_and_Communications,,"The Brigham Young University (BYU) College of Fine Arts and Communications (CFAC) is one of the nine colleges at the university, a private institution operated by the Church of Jesus Christ of Latter-day Saints (LDS Church) and located in Provo, Utah. Founded in 1925, the college has grown from a small college of the arts with minimal faculty and only 100 students to the second largest college on campus.
With more than 3,400 students and 141 full-time faculty, the expansive college has spread across the university's campus and occupies 11 buildings (including the Music Building, West Campus Central Building, George H. Brimhall Building, Jesse Knight Building, Stephen L. Richards Building, B66, and the BYU Museum of Art).
With four departments (Dance, Theatre and Media Arts, Art, Design) and two schools (Communications, Music), the CFAC offers 14 undergraduate degrees (with 38 emphases) and eight graduate degrees.
Since 1971, BYU performing arts groups have performed more than 14,000 shows in all 50 states and more than 100 countries of the world. Worldwide audiences totaling more than 12 million people, have also included radio and TV broadcasts reaching billions.


== History ==
W",null,null,,null
Camberwell College of Arts,Camberwell College of Arts,예술대학,영국 · 서더크구,1898,Q2934669,http://www.arts.ac.uk/camberwell,https://en.wikipedia.org/wiki/Camberwell_College_of_Arts,https://upload.wikimedia.org/wikipedia/commons/thumb/2/2f/Camberwell_Art_School.jpg/500px-Camberwell_Art_School.jpg?utm_source=en.wikipedia.org&utm_campaign=api&utm_content=thumbnail,"Camberwell College of Arts is a constituent college of the University of the Arts London, a public art and design university in London, England. The college offers further and higher education programmes, including postgraduate and PhD awards. The college has retained single degree options within Fine Art, offering specialist Bachelor of Arts courses in painting, sculpture, photography and drawing. It also runs graduate and postgraduate courses in fine art as well as design courses such as graphic design, illustration and 3D design. It has been ranked as the top British art school by The Times.
It was established as the Camberwell School of Arts and Crafts in 1898, and adopted its present name in 1989.


== History ==
The history of the College is closely linked with that of the South London Gallery, with which the College shares its site. The manager of the South London Working Men's College in 1868, William Rossiter, purchased the freehold of Portland House on which the College now stands in 1889. The resulting Gallery opened in 1891, followed by the Technical Institute in 1898.
The architect was Maurice Bingham Adams. Originally, the school offered classes in specific trades.  B",null,null,"Howard Hodgkin, 시드 배럿, 레이디 사라 차토, 팀 로스",null
Camera Obscura School of Art,Camera Obscura School of Art,예술대학,이스라엘 · 텔아비브,1978,Q7054016,http://www.camera.org.il,,,,null,null,,null
Cape Cod School of Art,Cape Cod School of Art,예술대학,미국,1898,Q5034705,,https://en.wikipedia.org/wiki/Cape_Cod_School_of_Art,https://upload.wikimedia.org/wikipedia/commons/thumb/7/7b/Charles_Webster_Hawthorne_teaching_class.jpg/500px-Charles_Webster_Hawthorne_teaching_class.jpg?utm_source=en.wikipedia.org&utm_campaign=api&utm_content=thumbnail,"The Cape Cod School of Art, also known as Hawthorne School of Art, was the first outdoor school of figure painting in America; it was started by Charles Webster Hawthorne in Provincetown, Massachusetts, in 1898.
The Hawthorne Class Studio building off Miller Hill Road was listed on the National Register of Historic Places in 1978. The 1+1⁄2-story studio building is a large gambrel-roofed barn-like building, measuring about 50 by 80 feet (15 m × 24 m), set on concrete pillars and clad in wooden shingles.  Its symmetrically arranged front has a center entry with narrow flanking windows, paired windows in bays on either side of the entrance, and single windows at the second level under the gable.  The studio was constructed c. 1907 to house the teaching studio of artist Charles Hawthorne.  Hawthorne began giving art classes in Provincetown in 1899, and was an acknowledged leader of the artistic community there at the time of his death in 1930.


== Notable students ==


== See also ==
National Register of Historic Places listings in Barnstable County, Massachusetts


== References ==


== External links ==
Several Charles Webster Hawthorne exhibition catalogs from The Metropolitan Mus",null,null,,null
Cardiff School of Art & Design,Cardiff School of Art & Design,예술대학,영국 · 카디프,1865,Q5038460,https://www.cardiffmet.ac.uk/artanddesign/Pages/default.aspx,https://en.wikipedia.org/wiki/Cardiff_School_of_Art_%26_Design,https://upload.wikimedia.org/wikipedia/commons/thumb/f/f2/Cardiff_School_of_Art_and_Design_Llandaff.jpg/500px-Cardiff_School_of_Art_and_Design_Llandaff.jpg?utm_source=en.wikipedia.org&utm_campaign=api&utm_content=thumbnail,"Cardiff School of Art & Design (CSAD) is one of the five academic schools that comprise Cardiff Metropolitan University. It originated as the Cardiff School of Art in 1865.


== History ==
Cardiff School of Art & Design opened in 1865 as the Cardiff School of Science & Art with lessons initially taking place on the top floor of the Cardiff Free Library and Museum. In 1867 a distinct School of Art was formed, based on the Art Night School, with 65 young pupils aged between 9 and 17. In 1868 an older intake was accepted, of 50 'artisan' students between 17 and 25 years old.

In 1966, a new six-storey campus was built in Howard Gardens, Cardiff, with large studios facing north. The building was designed by the Cardiff City Architect, John Dryburgh.
The School merged with other colleges in 1976 to become part of South Glamorgan Institute of Higher Education (later Cardiff Institute of Higher Education and the University of Wales Institute Cardiff). It is the oldest constituent part of Cardiff Metropolitan University.
In 2013, Cardiff Metropolitan University put its 2.25 acre Howard Gardens campus up for sale with the intention of moving to a new site in summer 2014. The School now occu",null,null,,null
Carnegie Mellon School of Art,Carnegie Mellon School of Art,예술대학,미국,,Q5043953,http://www.cmu.edu/art/,https://en.wikipedia.org/wiki/Carnegie_Mellon_School_of_Art,https://upload.wikimedia.org/wikipedia/en/thumb/e/e3/College_of_Fine_Arts.jpg/500px-College_of_Fine_Arts.jpg?utm_source=en.wikipedia.org&utm_campaign=api&utm_content=thumbnail,"The Carnegie Mellon School of Art is a department-level school within the College of Fine Arts at Carnegie Mellon University, a private university in Pittsburgh, Pennsylvania.
The School of Art was preceded by the School of Applied Design, founded in 1906. In 1967, the School of Art (then known as the Department of Painting & Sculpture) separated from the School of Design and became devoted to visual fine arts.
The School of Art grants a four-year Bachelor of Fine Arts degree and a three-year interdisciplinary Master of Fine Arts degree. It has more than 200 undergraduate students and 18 graduate students. In 2016 U.S. News & World Report ranked the graduate program first in time-based & new media art, and second best fine arts program overall.


== History ==
In 1906 Andrew Carnegie added the School of Applied Design to the recently founded Carnegie Technical Schools. In 1911 the School of Applied Design became the Department of Painting and Design, and over the next 40 years it absorbed programs in sculpture and design from throughout Carnegie Mellon, and went through multiple renamings. In 1967, Carnegie Tech merged with the Mellon Institute of Industrial Research to become Carn",null,null,"앤디 워홀, Jonathan Borofsky",null
Central Academy of Fine Arts,Central Academy of Fine Arts,예술대학,중화인민공화국 · 베이징시,1950,Q837873,http://www.cafa.edu.cn/,https://en.wikipedia.org/wiki/Central_Academy_of_Fine_Arts,,"The Central Academy of Fine Arts or CAFA is an art academy under the direct charge of the Ministry of Education of China. The Manila Bulletin calls the school ""China's most prestigious and renowned art academy."" It is considered one of the most selective schools in the country and turns away more than 90% of its applicants each year.


== Overview ==
The history of the National Art School in Beiping (国立北平艺术专科学校) dates back to the founding of the National School of Fine Arts in Beijing in 1918, advocated by the educator Cai Yuanpei. It was the first national school of fine arts in China and also the beginning of Chinese modern education of fine arts. The academy was founded in April 1950, as a result of the merger between the National Art School in Beiping and the department of fine arts at the third campus of North China University.  The former principals of CAFA include Xu Beihong, Jiang Feng, Wu Zuoren, Gu Yuan, Jin Shangyi, Pan Gongkai, and Fan Di'an. Lin Mao has been the president since 2023. The current director of academic commission is Jin Shangyi.
The design programme of CAFA was renewed in 1995 in the name of the Department of Art Design, after a break of some 40 years, an",null,null,"류보린, Wu Guanzhong, Zhang Huan, Xu Bing",null
Chamarajendra Academy of Visual Arts,Chamarajendra Academy of Visual Arts,예술대학,인도 · 마이소르,1982,Q5069465,https://cavamysore.karnataka.gov.in/,https://en.wikipedia.org/wiki/Chamarajendra_Academy_of_Visual_Arts,,"Chamarajendra Academy of Visual Arts (CAVA) is a visual art school in Mysore, in the state of Karnataka in India. The academy is affiliated to the University of Mysore and offers courses in drawing, painting, sculpture, graphics, applied arts, photography and photo-journalism and art history. CAVA awards degrees in Bachelor of Fine Arts (BFA) and Master of Fine Arts (MFA).


== History ==
CAVA was started by the Maharaja of Mysore Krishnaraja Wodeyar IV in 1906 as the Chamarajendra Technical Institute. The foundation stone of the building, dedicated to Maharaja Chamarajendra Wodeyar, was laid by George V of the United Kingdom. It was built at a cost of Rs. 2.5 lakhs, and completed in 1913. It is an elaborately composed structure which runs along the road. It has a rectangular facade, which is composed of pedimented dormers and gables. The institute is close to the city's railway station, on Sayyaji Rao road, a busy road with several commercial establishments.
In 1981 the Karnataka state government renamed the Chamarajendra Technical Institute as CAVA. Following the suggestions of a committee headed by the prominent Russian painter, Svetoslav Roerich, CAVA was established on the lin",null,null,,null
Chouinard Art Institute,Chouinard Art Institute,예술대학,미국 · 로스앤젤레스,1921,Q5105452,,https://en.wikipedia.org/wiki/Chouinard_Art_Institute,,"The Chouinard Art Institute was a private art school in the Westlake neighborhood of Los Angeles, California, United States. It was founded in 1921 by Nelbert Murphy Chouinard. In 1961, Walt and Roy Disney guided the merger of the Chouinard Art Institute and the Los Angeles Conservatory of Music to establish the California Institute of the Arts. Chouinard continued to operate until the new campus opened in 1970.


== History ==
Founded by artist and educator Nelbert Murphy Chouinard in 1921 with the goal of creating a renowned art school on the West Coast, the school grew during the subsequent decades and in 1935 it was recognized by the California state government as a non-profit educational facility. In 1929, Walt Disney began driving his inexperienced animators to the school for Friday night classes, a tradition that would continue for many years. Several years later Disney hired a Chouinard teacher named Donald Graham to teach more formal classes on studio property.  Chouinard would later be used by Disney as a breeding ground for artists for Snow White and the Seven Dwarfs. In the early 1950s Mrs. Chouinard had a stroke and could not run the school; in gratitude for letting hi",null,null,"조 그랜트, 메리 블레어, 이디스 헤드, Don Bachardy",null
Colorado Springs Fine Arts Center,Colorado Springs Fine Arts Center,예술대학,미국 · 콜로라도스프링스,1936,Q5148924,https://fac.coloradocollege.edu/,https://en.wikipedia.org/wiki/Colorado_Springs_Fine_Arts_Center,https://upload.wikimedia.org/wikipedia/commons/thumb/9/9e/Colorado_Springs_Fine_Arts_Center.JPG/500px-Colorado_Springs_Fine_Arts_Center.JPG?utm_source=en.wikipedia.org&utm_campaign=api&utm_content=thumbnail,"The Colorado Springs Fine Arts Center at Colorado College (FAC) is an arts center located just north of downtown Colorado Springs, Colorado. Located on the same city block are the American Numismatic Association and part of the campus of Colorado College. The center uses a thick red outline of a square as its logo. It has been listed on the National Register of Historic Places since July 3, 1986, under the former name Colorado Springs Fine Arts Center.


== History ==
With $600,000, Alice Bemis Taylor funded the 1936 construction of the Colorado Springs Fine Arts Center and provided a $400,000 donation for an endowment.  Constructed during the Great Depression, Taylor saw the project as a means of employment for unemployed laborers. Taylor donated her extensive Indian and Hispanic art and her collection of 6,000 volumes of Americana and appointed Mitchell Wilder as curator. She envisioned a place that would be accessible to all people, with no admission charge. The Broadmoor Art Academy previously stood on the grounds of the current art center, on land donated by Julie Penrose. Elizabeth Sage Hare also collaborated with Taylor and Penrose on the center, the nation's first combined ",null,null,,null
Columbus College of Art and Design,Columbus College of Art and Design,예술대학,미국 · 콜럼버스,1879,Q5150026,http://www.ccad.edu,https://en.wikipedia.org/wiki/Columbus_College_of_Art_and_Design,http://commons.wikimedia.org/wiki/Special:FilePath/Columbus%20College%20of%20Art%20and%20Design%20logo.svg,,null,null,"댄 스캔론, 엘런 베이커, 네이선 그레노, Alex Grey",null
Corcoran School of the Arts & Design,Corcoran School of the Arts & Design,예술대학,미국 · 워싱턴 D.C.,1890,Q1132041,https://corcoran.gwu.edu/,https://en.wikipedia.org/wiki/Corcoran_School_of_the_Arts_and_Design,https://upload.wikimedia.org/wikipedia/commons/thumb/b/bf/Corcoran_School_at_GWU.tif/lossy-page1-500px-Corcoran_School_at_GWU.tif.jpg?utm_source=en.wikipedia.org&utm_campaign=api&utm_content=thumbnail,"The Corcoran School of the Arts and Design (known as the Corcoran School or CSAD) is the professional art school of the George Washington University, in Washington, D.C. Founded in 1878, the school is housed in the Corcoran Gallery of Art, the oldest private cultural institution in Washington, located on The Ellipse, facing the White House. The Corcoran School is part of GW's Columbian College of Arts and Sciences and was formerly an independent college, until 2014.


== History ==


=== 19th century ===
William Wilson Corcoran founded the Corcoran Gallery of Art in 1869. Construction had begun at 17th Street and Pennsylvania Avenue in 1859, but shortly after the exterior work was completed, the Quartermaster General's corps of the Union Army occupied the building, setting up offices for the duration of the Civil War. A Confederate sympathizer, Corcoran himself had relocated to Europe during the Civil War.
Work resumed immediately after the conclusion of the war, with Corcoran formally founding his gallery as an institution in 1869. The first special event held that year was a fundraiser for the completion of the Washington Monument. Corcoran's gallery welcomed its first visitors i",null,null,"데이비드 린치, Nan Hoover, 케리 워싱턴, Salarrue",null
Delaware College of Art and Design,Delaware College of Art and Design,예술대학,미국 · 윌밍턴,1997,Q5253252,http://www.dcad.edu,https://en.wikipedia.org/wiki/Delaware_College_of_Art_and_Design,,,null,null,,null
Duncan of Jordanstone College of Art and Design,Duncan of Jordanstone College of Art and Design,예술대학,영국 · Dundee City,1888,Q5314669,http://www.dundee.ac.uk/djcad/,https://en.wikipedia.org/wiki/Duncan_of_Jordanstone_College_of_Art_%26_Design,https://upload.wikimedia.org/wikipedia/commons/thumb/f/f4/Duncan_of_Jordanstone_College_of_Art_and_Design.jpg/500px-Duncan_of_Jordanstone_College_of_Art_and_Design.jpg?utm_source=en.wikipedia.org&utm_campaign=api&utm_content=thumbnail,"Duncan of Jordanstone College of Art & Design (DJCAD) is part of the University of Dundee in Dundee, Scotland. It is ranked as one of the top schools of art and design in the United Kingdom.


== History ==
Attempts were made to establish an art school in Dundee in the 1850s, and evening classes in art were taught at the High School and the YMCA with great success. A full-time art school only became a possibility following the creation of the Dundee Technical Institute in 1888. The Institute was based in Small's Wynd, now part of the University of Dundee's main campus, and shared facilities with what was then University College, Dundee.
From the start, art classes were taught at the Institute in the evenings by George Malcolm, but in 1892 Thomas Delgaty Dunn was appointed as the first full-time art master, and the college later came to regard this as the date of its foundation.
The Technical Institute's main building, designed by J. Murray Robertson, soon became inadequate, particularly when the High School and YMCA art classes were amalgamated with those of the institute. A fund-raising campaign was launched in 1907, and in 1911 the Institute moved to new and much grander premises",null,null,"데이비드 매켄지, Albert Watson, Farshid Moussavi",null
East Anglian School of Painting and Drawing,East Anglian School of Painting and Drawing,예술대학,영국,,Q5327705,,https://en.wikipedia.org/wiki/East_Anglian_School_of_Painting_and_Drawing,,"The East Anglian School of Painting and Drawing was an art learning environment established by  Cedric Morris and Arthur Lett-Haines in East Anglia in 1937. It was run on very idiosyncratic lines based upon the ""free rein"" approach that was then current in French academies. It had a great influence on many Suffolk artists and made an important contribution to art teaching in the east of England for forty years.


== Foundation ==
The school was founded by Morris and Lett-Haines on 12 April 1937 in an old house in the centre of Dedham, Essex. In addition to the proprietors, there was a third teacher- Ian Brinkworth- a secretary, model and one student when it opened. By December 1937 there were 60 students and the school held its first exhibition. The school was described in a prospectus as ""an oasis of decency for artists outside the system"". Lett-Haines taught theory, whereas Morris taught by encouragement and example. Lucian Freud was among the earliest students joining at the age of seventeen in 1939.


== Benton End ==
In July 1939, the Dedham building was destroyed by fire. The traditionalist local artist Alfred Munnings had himself driven round its smoking ruins gloating at th",null,null,루시안 프로이트,null
École supérieure d'art et design Saint-Étienne,École supérieure d'art et design Saint-Étienne,예술대학,프랑스 · 생테티엔,1803,Q2475117,http://www.esadse.fr/,,,,null,null,Yves Chaland,null
Elam School of Fine Arts,Elam School of Fine Arts,예술대학,뉴질랜드 · 오클랜드 지방,1890,Q5353352,http://www.creative.auckland.ac.nz/en/about/our-faculty/schools-programmes-and-centres/fine-arts.html,https://en.wikipedia.org/wiki/Elam_School_of_Fine_Arts,https://upload.wikimedia.org/wikipedia/commons/thumb/4/41/Elam_School_of_Fine_Arts_main_building%2C_practice_studio%2C_and_garden.jpg/500px-Elam_School_of_Fine_Arts_main_building%2C_practice_studio%2C_and_garden.jpg?utm_source=en.wikipedia.org&utm_campaign=api&utm_content=thumbnail,"The Elam School of Fine Arts, founded by John Edward Elam, is part of the Faculty of Creative Arts and Industries at the University of Auckland. It offered the first  Bachelor of Fine Arts programme in New Zealand starting in 1967. Students study degrees in fine art, across three buildings, the Mondrian building, Building 431 (or the ""Main"" fine arts building), and Elam B, which includes the studios for postgraduate and doctoral students on Princes Street, in central Auckland, New Zealand.


== History ==

The school was founded from a bequest on the death of Dr. John Edward Elam in 1888 of ten thousand pounds. His will stated 'in the selection or admission of pupils those shall be preferred who, from poverty or circumstances, are unable at their own charge to obtain for themselves the advantages furnished by the school.' Edward William Payton was the first director, retiring in 1924 after 35 years. It opened in 1890 and for the first 60 years ran full and part-time instruction in art to both adults and children. The first premises of the school was in 'rooms located under the bell tower of what is now the Auckland City Art Gallery'. (History - Elam School of Arts)Archie Fisher was",null,null,니키 카로,null
Emily Carr University of Art and Design,Emily Carr University of Art and Design,예술대학,캐나다 · 밴쿠버,1925,Q1337587,https://www.ecuad.ca,https://en.wikipedia.org/wiki/Emily_Carr_University_of_Art_and_Design,http://commons.wikimedia.org/wiki/Special:FilePath/ECUAD-Logo%20RGB.svg,"The Emily Carr University of Art and Design (stylized as Emily Carr University of Art + Design and abbreviated as ECU) is a public university of art and design located in Vancouver, British Columbia, Canada. Founded in 1925 as the Vancouver School of Decorative and Applied Arts, it is the oldest public post-secondary institution in British Columbia dedicated to professional education in the arts, media, and design. The university is named for Canadian artist and writer Emily Carr, who was known for her Modernist and Post-Impressionist artworks.
The university is co-educational with four academic faculties: the Faculty of Culture + Community, the Ian Gillespie Faculty of Design + Dynamic Media, the Audain Faculty of Art, and the Jake Kerr Faculty of Graduate Studies. ECU also offers non-degree education through its continuing studies, certificate, and youth programs. Currently, the university has a combined body of over 2,100 undergraduate and graduate students along with over 13,000 alumni.
According to the QS World University Rankings, as of 2025, the school is ranked 36th in the world and first in Canada amongst institutions for art and design.


== History ==
Formerly establishe",null,null,"Michael Snow, Stan Douglas, 유심유, Douglas Coupland",null
Estonian Academy of Arts,Estonian Academy of Arts,예술대학,에스토니아,1914,Q1370318,http://www.artun.ee,https://en.wikipedia.org/wiki/Estonian_Academy_of_Arts,http://commons.wikimedia.org/wiki/Special:FilePath/Estonian%20Academy%20of%20Arts%20Logo.svg,"The Estonian Academy of Arts (Estonian: Eesti Kunstiakadeemia, EKA) is the only public university in Estonia providing higher education in art, design, architecture, media, art history and conservation-restoration. It is based in Tallinn.
According to the Statutes of the EKA, the main objective of activity at the Estonian Academy of Arts is to promote creativity and research, enabling the acquirement of a contemporary higher education based on integrated study, meeting the standard of higher education in the field of fine arts, design, media, architecture, art history, conservation-restoration and teacher education.
With the Estonian Minister of Education and Research' Act no.145 from February 10, 2007, the EKA was accredited by an international expert committee as an institution.
The Estonian Academy of Arts has signed around 80 bilateral agreements with universities which participate in ERASMUS programme, but has also partner institutions outside the ERASMUS higher education space – in Switzerland, United States, Russia, Australia and also with some private universities within the European Union.
In 2024 Academy has withdrawn its Erasmus+ bilateral agreement with Israeli universi",null,null,"Evald Okas, Kadri Mälk, Lola Liivat, Tiiu Kirsipuu",null
European Academy of Art in Brittany,European Academy of Art in Brittany,예술대학,프랑스,2010,Q3577992,http://www.eesab.fr,https://en.wikipedia.org/wiki/European_Academy_of_Art_in_Brittany,,"The European Academy of Art in Brittany (French: École européenne supérieure d'art de Bretagne; EESAB) is a French art school founded on December 27, 2010. It has four campuses: Brest, Lorient, Quimper et Rennes. With more than 800 students, it is the largest art school in France. On 1 April 2016, Danièle Yvergniaux was appointed general director of the school. She had been the director at Quimper since 2006. Since 2024, the school's director is Claire Jacquet, former director of the Frac Nouvelle-Aquitaine MÉCA. The school is accredited by the French Ministry of Culture to grant the National Diploma in Art (Diplôme national d'art) and the National Higher Diploma in Visual Expression (Diplôme national supérieur d'expression plastique)


== References ==


== External links ==
EESAB website (English)",null,null,,null
F+F School for Art and Media Design Zurich,F+F School for Art and Media Design Zurich,예술대학,스위스 · 취리히,1971,Q1386196,https://ffzh.ch/,https://en.wikipedia.org/wiki/F%2BF_School_of_Art_and_Design_Z%C3%BCrich,,"The F+F Schule für Kunst und Design or F+F is a private Art School in Zürich, Switzerland. F+F stands for the German Form + Farbe (shape + color), a discipline practiced at the Bauhaus. The school was previously known as F+F Schule für Experimentelle Gestaltung (Experimental Creation) and F+F Schule für Kunst und Design.


== History ==
The F+F was founded in 1971 by Bendicht Fivian, Peter Gygax, Peter Jenny, Hansjörg Mattmüller, Doris Stauffer, and Serge Stauffer. It was the first progressive art school in Switzerland. Embracing the revolutionary spirit of 1968, it wanted to be a non-elitist alternative for art and design training and welcomed the wider population to its evening and Saturday courses. The F+F was an alternative to the Zurich University of the Arts, which at that time only offered classes in applied arts. Without a main school building, classes were initially taught at various locations around the city, including in the Jugendkulturhaus Dynamo, which was the center of the political movements of the 1980s Zürich. In need of a larger location, the F+F moved to a warehouse in Altstetten Zurich, a building which previously housed the art collection of the Swiss company ",null,null,슈테판 아이히너,null
"Faculty of Fine Arts, Maharaja Sayajirao University of Baroda","Faculty of Fine Arts, Maharaja Sayajirao University of Baroda",예술대학,인도 · 바도다라,,Q5428966,http://www.msubaroda.ac.in/,https://en.wikipedia.org/wiki/Maharaja_Sayajirao_University_of_Baroda_Faculty_of_Fine_Arts,,"The Faculty of Fine Arts, Maharaja Sayajirao University of Baroda is one of the major art colleges in India. It has a reputation for promoting a creative and individualist approach among its students, and has historically adhered to secularist, humanist, and modernist ideals.


== Early history ==
In 1881, the famous Indian painter Raja Ravi Varma was invited to the princely state of Baroda by the Maharaja Sayajirao Gaekwad III belonging the royal Gaekwad dynasty of the Marathas. Varma was treated with great respect by the Gaekwad court. Besides commissioned portraits of Maharaja Gaekwad III, he produced several other fine canvases during his stay. His visit is generally credited as a motivating force in the creation of The Baroda Museum under the patronage of Maharaja Sayajirao, which began construction in 1887 and was completed in 1894.  During the years 1903 and 1904, the Maharajah and the new director of this museum, Mr. A.M. Masani, toured the museums and galleries of Europe and purchased in excess of twenty rare paintings plus numerous other art objects.
The Baroda College of Science was established in 1881 by the Maharaja, and developed into a full-fledged degree institution",null,null,,null
Fine Arts Work Center,Fine Arts Work Center,예술대학,미국 · Provincetown,1968,Q5450053,http://www.fawc.org,https://en.wikipedia.org/wiki/Fine_Arts_Work_Center,https://upload.wikimedia.org/wikipedia/commons/thumb/2/2b/Fine_Arts_Work_Center%2C_Provincetown%2C_Massachusetts.jpg/500px-Fine_Arts_Work_Center%2C_Provincetown%2C_Massachusetts.jpg?utm_source=en.wikipedia.org&utm_campaign=api&utm_content=thumbnail,"The Fine Arts Work Center is a non-profit enterprise that supports emerging visual artists and writers in Provincetown, Massachusetts. The Work Center was founded in 1968 by a group of American artists and writers to support promising individuals in the early stages of their creative careers. Each year, it offers ten writers and ten visual artists seven-month residencies, including a work area and a monthly stipend. The Center also offers a Master of Fine Arts degree in collaboration with the Massachusetts College of Art and Design, as well as seasonal programs, readings, and other events.


== History ==
The Fine Arts Work Center was founded in 1968 by artists, writers, and patrons, including Fritz Bultman, Salvatore and Josephine Del Deo, Alan Dugan, Stanley Kunitz, Philip Malicoat, Robert Motherwell, Myron Stout, Jack Tworkov, and Hudson D. Walker.
For the Center's 50th anniversary, the managing team fundraised $1.4 million to fund architectural improvements and the organization's first endowment.


== The Fellowship Program ==
Each year the Visual Arts and Writing Committees, composed of established artists and writers, select twenty Fellows (ten visual artists and ten writers)",null,null,,null
Florence Academy of Art,Florence Academy of Art,예술대학,이탈리아 · 피렌체,1991,Q4116826,,https://en.wikipedia.org/wiki/Florence_Academy_of_Art,,"The Florence Academy of Art is an American art school in Florence, in Tuscany in central Italy. It was started by Daniel Graves, an American painter, in 1991. Teaching is in the traditional style of the old masters. The school is a branch of the International Academy of Fine Art, and is recognised as a certificate programme by the National Association of Schools of Art and Design. The school is not listed by the Italian ministry of education, the Ministero dell'Istruzione, dell'Università e della Ricerca, among the institutions authorised to award degrees in music, dance and the arts.
The Florence Academy of Art received an excellent review from Brian T. Allen in 2021. A review in The New York Times in 2003 of a show of works by students of the school at the Hirschl and Adler gallery in Manhattan, New York, was not wholly negative, but spoke of "" … inertly composed still lifes, laughable allegories and preciously romantic self-portraits ... glazed by decades of exposure to tobacco smoke"".


== References ==",null,null,,null
Fort Worth Academy of Fine Arts,Fort Worth Academy of Fine Arts,예술대학,미국 · 텍사스주,2001,Q5472382,https://www.artsacademics.org/academies/fwafa/,https://en.wikipedia.org/wiki/Fort_Worth_Academy_of_Fine_Arts,https://upload.wikimedia.org/wikipedia/commons/thumb/3/31/FWAFA_logo.png/500px-FWAFA_logo.png?utm_source=en.wikipedia.org&utm_campaign=api&utm_content=thumbnail,"The Fort Worth Academy of Fine Arts (FWAFA) is a fine arts public arts charter school in Fort Worth, Texas, founded in 2001 by the Texas Boys Choir, Inc. The school serves grades 3 through 12 and emphasizes the arts. Its programs include dance, choral music, theater, and visual arts. It is also the home of the Texas Boys Choir.
It has been the starting ground for many successful artists including those that have been seen on Broadway, as well as the silver screen. However, it is not only for the arts, but also has an exemplary educational program. Students have been accepted into higher education institutions across the United States in not only fine arts majors but other academic majors. The school features an intensive academic curriculum. High school teachers encourage the student body to participate in AP classes and testing and academic activities such as UIL and National Honors Society, alongside their arts activities. Some notable academic classes include AP Language and Composition, AP Literature and Composition, AP Biology, AP US History, AP Spanish, and AP World History.


== Ensembles, groups, and honor societies ==

FWAFA is home to a variety of ensembles representing t",null,null,,null
Gage Academy of Art,Gage Academy of Art,예술대학,미국 · 워싱턴주,1990,Q5516829,,https://en.wikipedia.org/wiki/Gage_Academy_of_Art,https://upload.wikimedia.org/wikipedia/commons/1/1a/St._Nicholas_Building.jpg?utm_source=en.wikipedia.org&utm_campaign=api&utm_content=thumbnail_unscaled,"Gage Academy of Art is a fine art school located in Seattle, Washington, specializing in drawing, painting and sculpting. The core of its programming is traditional observational training, with an emphasis on the foundational skills of figure drawing and painting. Other classes include perspective, watercolor, still-life drawing and painting, cast drawing, egg tempera, design concepts, color theory and encaustic techniques.


== History ==
Gage was conceived in 1989 by New York artist Gary Faigin and architect Pamela Belyea. The following summer, they began a month-long series of workshops held in Santa Fe. By 1992, after the founders moved to Seattle, it had expanded to scheduled workshops in New York, Seattle and Santa Fe.
In 1991, the school began operating year-round in Seattle under the name the Academy of Realist Art, offering a variety of classes and workshops for artists of all levels of ability. Two years later, Gage added summer art workshops for teens. This addition paved the way for year-round programs for children and teens offered presently both on-site and in the Seattle community
Over the next decade, Gage grew rapidly. In 2004, the school transitioned into the hist",null,null,,null
Gerlesborg School of Fine Art,Gerlesborg School of Fine Art,예술대학,스웨덴,1944,Q5550943,http://gerlesborgsskolan.se/,https://en.wikipedia.org/wiki/Gerlesborg_School_of_Fine_Art,https://upload.wikimedia.org/wikipedia/commons/thumb/c/cc/Gerlesborg.jpg/500px-Gerlesborg.jpg?utm_source=en.wikipedia.org&utm_campaign=api&utm_content=thumbnail,"The Gerlesborg School of Fine Art (Swedish: Gerlesborgsskolan) is an art school located in the village of Gerlesborg, south of Hamburgsund in Tanum Municipality, Bohuslän, Sweden. The school also has a branch in Stockholm and holds courses in Provence, France.


== History ==
The Gerlesborg School of Fine Art was founded in 1944 by the painter Arne Isacsson. Hans Fromén, art historian, and Jöran Salmson, artist, were also teachers at that time. The activities grew fast and Isacsson and Fromén bought the boarding-house in Gerlesborg. In 1948, the college had its first course in Provence, France, in collaboration with Georg Suttner.
At the beginning of the 1950s, the college was really established and the basis of the currently important artistic and cultural centre was laid, both nationally and internationally. The contacts with musicians, composers, authors and performing artists were increased.
In 1958, the Gerlesborg School of Fine Art in Stockholm was founded. The head teachers were Georg Suttner and Staffan Hallström. From autumn 1993, the college is housed in the building of a former elementary school in the district of Hjorthagen.
In 1963, the Gerlesborg School of Fine Art Fo",null,null,"베라 닐손, 안나 오델",null
Government College of Art & Craft,Government College of Art & Craft,예술대학,"인도 · Ward No. 63, Kolkata Municipal Corporation",1854,Q5588733,http://gcac.edu.in,https://en.wikipedia.org/wiki/Government_College_of_Art_%26_Craft,https://upload.wikimedia.org/wikipedia/commons/thumb/0/0b/Entrance_-_Government_College_of_Art_%26_Craft_-_Chowringhee_Road_-_Kolkata_2013-04-15_6072.JPG/500px-Entrance_-_Government_College_of_Art_%26_Craft_-_Chowringhee_Road_-_Kolkata_2013-04-15_6072.JPG?utm_source=en.wikipedia.org&utm_campaign=api&utm_content=thumbnail,"The Government College of Art & Craft (GCAC) in Kolkata is one of the oldest Art colleges in India. It was founded on 16 August 1854 at Garanhata, Chitpur, ""with the purpose of establishing an institution for teaching the youth of all classes, industrial art based on scientific methods."" as the School of Industrial Art. The institute was later renamed as the Government School of Art, and in 1951 it became the Government College of Art & Craft.


== History ==
The school opened on 16 August 1854 at Garanhata as a private art school. The school was shifted to the building of Mutty Lall Seal in Colootola in November 1854. In 1859, Garick joined as Head Teacher. In 1864, it was taken over by the government and on 29 June 1864, Henry Hover Locke joined as its principal. It was soon renamed as the Government School of Art. Locke made a comprehensive scheme of Curriculum of studies for the institution. The venue of the school was shifted to 166, Bowbazar Street in the 1880s. After the death of Locke on 25 December 1885 M. Schaumburg became the new principal. A new post of Assistant Principal was created, and on 29 January 1886, an Italian artist O. Ghilardi joined the post. In February 18",null,null,"Abanindranath Tagore, Nandalal Bose, Jamini Roy, Shanu Lahiri",null
"Government College of Fine Arts, Chennai","Government College of Fine Arts, Chennai",예술대학,인도 · 첸나이,1850,Q3577799,,"https://en.wikipedia.org/wiki/Government_College_of_Fine_Arts,_Chennai",,,null,null,"Sivakumar, Debi Prasad Roy Choudhury, T. K. Padmini",null
Grand Central Academy of Art,Grand Central Academy of Art,예술대학,미국 · 뉴욕주,,Q5594401,http://www.grandcentralacademy.org/,https://en.wikipedia.org/wiki/Grand_Central_Academy_of_Art,,"The Grand Central Atelier is an art school in the Long Island City neighborhood of the borough of Queens in New York City.
Founded in 2006 by New York artist Jacob Collins, the school focuses on training artists in the classical art tradition.


== See also ==

List of art schools


== References ==


== External links ==
Official website",null,null,,null
Grand Central School of Art,Grand Central School of Art,예술대학,미국,1923,Q5594414,,https://en.wikipedia.org/wiki/Grand_Central_School_of_Art,,"The Grand Central School of Art was an American art school in New York City, founded in 1922 by the painters Edmund Greacen, Walter Leighton Clark and John Singer Sargent. It closed in 1944.


== History ==
The school was established and run by the Grand Central Art Galleries, an artists' cooperative founded by Sargent, Greacen, Clark, and others in 1922. The school was directed by Greacen, Sargent and Daniel Chester French and occupied 7,000 square feet (650 m2) on the seventh floor of the east wing of the Grand Central Terminal in New York City. Press accounts of the school's opening reception mentioned the instructors: Greacen, George Pearse Ennis, sculptor Chester Beach, muralists Ezra Winter and Dean Cornwell, the illustrator and costume designer Helen Dryden, Nicolai Fechin, Julian Bowes and George Elmer Browne.
The school had more than 400 students its first year and soon grew to 900, making it one of the largest art schools in the city. Greacen engaged Arshile Gorky as an instructor, probably the school's most prominent teacher. Another instructor was Harvey Dunn, whose comments were captured by a student during one five-hour class session and were published in 1934 in a sl",null,null,"빌럼 데 쿠닝, Arshile Gorky, 노먼 록웰, 밥 케인",null
Guildford School of Art,Guildford School of Art,예술대학,영국,,Q5615841,,https://en.wikipedia.org/wiki/Guildford_School_of_Art,https://upload.wikimedia.org/wikipedia/commons/thumb/d/d1/Portal_of_Guildford_School_of_Art.jpg/500px-Portal_of_Guildford_School_of_Art.jpg?utm_source=en.wikipedia.org&utm_campaign=api&utm_content=thumbnail,"Guildford School of Art was formed in 1856 as Guildford Working Men's Institution and was one of several schools of art run by Surrey County Council. After several mergers with tertiary art institutions it became part of the University for the Creative Arts in 2008.


== Background ==
Before 1900 Britain was famous for its Arts and Crafts movement, a style of architecture and interior design practiced at the then School of Art, and which was influential on western design leading up to Modernism, the latter propounded in the German Bauhaus, particularly their use of a ""Preliminary"" course to change students' basic thinking. That was widely replicated in British art schools as a ""Foundation"" course. After World War II the British Government realized that British design was less popular than American or Swiss design.


== History ==
The Guildford Working Men's Institute was a successor to the Guildford Institute which itself was formed on 14 June 1843 out of a union of the Mechanics' Institute founded in 1834 and the Literary and Scientific Institution, founded in 1835.  By 1859 the Institute had 541 students.  In 1892 the Guildford Institute and the Guildford Working Men's Institutio",null,null,,null
Harrington College of Design,Harrington College of Design,예술대학,미국 · 시카고,1931,Q5664580,http://www.harrington.edu,https://en.wikipedia.org/wiki/Harrington_College_of_Design,,"Harrington College of Design (1931–2015) was a for-profit college in the Loop area of Chicago, Illinois, US, that closed in 2015. It offered students programs leading to either a master's, bachelor's or associate's degree upon completion of the interior design, digital photography or communication design programs. Each program was credentialed with multiple levels of accreditation. The college was owned by Career Education Corporation.


== History ==
The college traced its history to 1931 when Frances Harrington, a practicing interior designer, traveled to Chicago to provide a series of lectures for interior design professionals. She soon found a growing interest in the study of interior design and expanded her offerings by creating the Harrington Institute of Interior Design.
As Harrington Institute grew, Harrington began providing diplomas to her qualified day division students. When she retired in 1959, her former student Robert Marks assumed leadership of the school. Marks added many programs and degree options to the school's curriculum. Changes in programs, which then under the guidance of the school's professional Advisory Board, were driven by input from the design industr",null,null,,null
Herberger Institute for Design and the Arts,Herberger Institute for Design and the Arts,예술대학,미국 · 템피,2009,Q5733367,https://herbergerinstitute.asu.edu/,https://en.wikipedia.org/wiki/Herberger_Institute_for_Design_and_the_Arts,,"The Herberger Institute for Design and the Arts at Arizona State University is one of the largest comprehensive design and arts colleges in the nation. It comprises six schools: ASU FIDM; the School of Art; the School of Arts, Media and Engineering; The Design School; The Sidney Poitier New American Film School; and the School of Music, Dance and Theatre. It also houses the ASU Art Museum  and the ASU FIDM Museum, LA's only fashion museum. The Herberger Institute operates across two states and four cities, including Los Angeles, as well as online.
In 2024, architect and educator Renée Cheng was named the new dean of the Herberger Institute, succeeding Steven Tepper, who served as dean and director of the institute for 10 years before his inauguration as the 21st president of Hamilton College. Cheng’s role at ASU also includes serving as senior vice provost.
The Herberger Institute for Design and the Arts at Arizona State University in Tempe, Arizona was created in 2009 by the merger of two existing academic units, the Katherine K. Herberger College of the Arts and the College of Design. The Arizona Board of Regents approved the merger on April 30, 2009.


== Units ==

ASU FIDM
Scho",null,null,,null
Ho Chi Minh City Fine Arts University,Ho Chi Minh City Fine Arts University,예술대학,베트남 · 호찌민시,1913,Q877269,http://hcmufa.edu.vn/,https://en.wikipedia.org/wiki/Ho_Chi_Minh_City_University_of_Fine_Arts,https://upload.wikimedia.org/wikipedia/commons/b/b6/Logohcmufa.png?utm_source=en.wikipedia.org&utm_campaign=api&utm_content=thumbnail_unscaled,"Ho Chi Minh City University of Fine Arts (Vietnamese: Đại học Mỹ thuật Thành phố Hồ Chí Minh) is a university in Bình Thạnh District, Ho Chi Minh City, Vietnam. The predecessor of this school was the École des Dessins, founded by André Joyeux in 1913, which became the École des Arts appliqués de Gia Đinh (Trung học Trang trí Mỹ thuật Gia Định) from 1940 to 1971.
Under the administration of the Republic of Vietnam, from 1971, the school was upgraded to become Saigon College of Fine Arts. The Fine Arts College was founded in 1976. In 1981, the Vietnamese prime minister decided to found the university as it is today.


== Alumni ==
Nguyẽ̂n Lam (born 1941)
Đỗ Quang Em (1942–2021)
Lê Hiền Minh (born 1979)


== References ==


== External links ==

Official website",null,null,,null
Hornsey College of Art,Hornsey College of Art,예술대학,영국,1880,Q5904540,,https://en.wikipedia.org/wiki/Hornsey_College_of_Art,,"Hornsey College of Art, also known as  HCA, founded in 1880 as the Hornsey School of Arts, was an art school in Crouch End, part of Hornsey, Middlesex, England. From 1965 it was in the London Borough of Haringey. 
From 1955 to 1973, when it was merged into  Middlesex Polytechnic, it was called Hornsey College of Arts and Crafts.
Teaching at Crouch End ceased about 1982.
The HCA was ""an iconic British art institution, renowned for its experimental and progressive approach to art and design education"".


== Background ==
The college was founded in 1880 as the Hornsey School of Arts by Charles Swinstead, an artist and teacher who lived at Crouch End, Hornsey. The college passed to his son, Frank Swinstead, following his death in 1890. During the inter-war years, the school's curriculum was composed of Fine Art, Advertising Design, and Industrial Applied Art. It continued its day-time classes during the Second World War and was one of only two London art schools which did not leave the capital during the blitz.
In 1955 the school became the Hornsey College of Arts and Crafts and continued under that name until 1973, when it was merged with Enfield Technical College and Hendon Technical",null,null,"아니쉬 카푸어, 애덤 앤트, Lynsey de Paul, 앨런 존스",null
Hubei Institute of Fine Arts,Hubei Institute of Fine Arts,예술대학,중화인민공화국 · 우한시,1920,Q1351114,http://www.hifa.edu.cn,https://en.wikipedia.org/wiki/Hubei_Institute_of_Fine_Arts,,"Hubei Institute of Fine Arts (HIFA), simplified Chinese: 湖北美术学院; traditional Chinese: 湖北美術學院; pinyin: Húběi Měishù Xuéyuàn; colloquially 湖美, pinyin: Húměi) is an art university in China. It is the only top institution of higher learning in fine arts in central China. It is regarded as one of the best and most selective academies of fine arts in China. Its history dates back to 1920, making it the first private art school in modern China. As one of the three oldest art universities, it is also one of the cradles of higher education of fine arts in modern China. It is located in Hubei Province's capital Wuhan, known as ""the thoroughfare leading to nine provinces"". Located in Wuhan, the industrial, economic and cultural center of central China, Hubei Institute of Fine Arts is widely regarded as a top academy of multiple disciplines, including watercolor painting, Chinese painting, oil painting, mural painting, mixed media painting, printmaking, sculpture, etc. HIFA has two campuses (Tanhualin campus and Canglongdao campus) and covers more than 488,000 square meters, which hold more than 500 faculty and staff members and more than 7,000 students.


== History ==

The academy dates back",null,null,,null
Hungarian University of Fine Arts,Hungarian University of Fine Arts,예술대학,헝가리,1871,Q844153,https://www.mke.hu/,https://en.wikipedia.org/wiki/Hungarian_University_of_Fine_Arts,https://upload.wikimedia.org/wikipedia/commons/thumb/e/e5/Magyar_K%C3%A9pz%C5%91m%C5%B1v%C3%A9szeti_Egyetem.JPG/500px-Magyar_K%C3%A9pz%C5%91m%C5%B1v%C3%A9szeti_Egyetem.JPG?utm_source=en.wikipedia.org&utm_campaign=api&utm_content=thumbnail,"The Hungarian University of Fine Arts (Hungarian: Magyar Képzőművészeti Egyetem, MKE) is the central Hungarian art school in Budapest, Andrássy Avenue. It was founded in 1871 as the Hungarian Royal Drawing School (Magyar Királyi Mintarajztanoda) and has been called University of Fine Arts since 2001.


== History ==
Until the mid-19th century, Hungarian artists were learning fine arts in Western European academies. The National Society of Hungarian Fine Arts (Országos Magyar Képzőművészeti Társulat) founded in 1861 was initiating the establishment of a Hungarian school of fine arts. Owing to this movement the Hungarian Royal Drawing School and Art Teachers' College (Magyar Királyi Mintarajztanoda és Rajztanárképezde) was opened in 1871. The present-day building of the university was built in 1877, designed by Alajos Rauscher and Adolf Láng.
In later decades, the school developed programs for training not only painters and sculptors, but artist-craftsmen, mosaic- and gobelin-makers, stage designers, costumers, and restorers. Numerous prominent Hungarian artists taught there, including the painters Károly Ferenczy, János Vaszary, Viktor Olgyai, Róbert Berény,  Aurél Bernáth, Jenő Bar",null,null,"Philip de László, 케페시 죄르지, Margit Anna, Vilmos Aba-Novák",null
Ilam School of Fine Arts,Ilam School of Fine Arts,예술대학,뉴질랜드 · Ilam,1882,Q5996980,,https://en.wikipedia.org/wiki/Ilam_School_of_Fine_Arts,,"The Ilam School of Fine Arts at the University of Canterbury, located in the Ilam suburb of Christchurch, New Zealand, was founded in 1882 as the Canterbury College School of Art.
The school became a full department of the university in the 1950s, and was the first department to move to the suburban Ilam site in 1957, in the Okeover Homestead. Art history was included in 1974, and the Bachelor of Fine Arts degree was introduced in 1982.


== History ==
In its original rendition, the school was modelled on the late-Victorian-era Arts and Crafts movement in Britain, centred in London's National Art Training School in South Kensington. Its mission was to give instruction focussing on the ""arts and crafts"" and their ""practical application to the requirements of trade and manufactures.
By 1884, student artworks of sufficient quality to being shown at the Wellington Art Society's Annual Exhibition in the company of J C Richmond, John Gully and C D Barraud and two years later as part of an exhibition of Colonial art in the Royal Albert Hall, London.
By 1912, the college had 365 attending students although as reporters pointed out many of them were doing classes normally provided by techni",null,null,"Vincent Ward, Rita Angus",null
Indonesian Art Institute Surakarta,Indonesian Art Institute Surakarta,예술대학,인도네시아 · Laweyan,2006,Q4188785,http://www.isi-ska.ac.id,"https://en.wikipedia.org/wiki/Indonesian_Institute_of_the_Arts,_Surakarta",,"Indonesia Institute of the Arts, Surakarta (Indonesian: Institut Seni Indonesia Surakarta; abbreviated by ISI Surakarta) is an arts institute in Surakarta, Central Java, Indonesia. They are famous for teaching karawitan, wayang, Javanese dance, and other traditional crafts. The rector is Dr. Drs Guntur, M.Hum.


== History ==
The institute began in 1964 under the name Karawitan Arts Academy of Indonesia (Indonesian: Akademi Seni Karawitan Indonesia). By 1973, with the release of a decree from the Education and Cultural Ministry, the academy was able to open up a bachelor's degree program for Karawitan. In 1988, the academy underwent a structural and name change and became Indonesian Arts College of Surakarta (Indonesian: Sekolah Tinggi Seni Indonesia Surakarta). It was only in 2006 that the name Indonesian Institute of the Arts Surakarta became the official name of the school.


== Logo and philosophy ==
The institute unveiled its new logo in 2017. The new logo is a swan chimera in red and contains several parts, each with its own meaning.

Swan, indicating explorer
Urna, indicating sharp vision
Patra eras, indicating discerning ears
Dolphin fins and flukes, indicating directional ",null,null,,null
International Academy of Design & Technology – Schaumburg,International Academy of Design & Technology – Schaumburg,예술대학,미국,1977,Q6048042,http://www.iadt.edu/schaumburg,https://en.wikipedia.org/wiki/International_Academy_of_Design_%26_Technology_%E2%80%93_Schaumburg,,"The International Academy of Design and Technology (IADT) was a private for-profit media arts college in the United States with over ten branches. It was owned by Career Education Corporation. The institution was briefly merged with Sanford-Brown in 2014 before being closed in 2015.


== History ==
In 1977, Clem Stein Jr. founded the International Academy of Merchandising and Design, Ltd in Chicago. The first branch opened in Tampa, Florida in 1984.
Other Branches were opened in other major U.S. cities, early on including a Toronto, Canada location.
The college changed its name in 1999 and 2000 to reflect expanded design and technology programs.
In Early 2024 the Fairmont, WV Campus announced its impending closure. June 2007, CEC announced that the Pittsburgh, Pa Campus of IADT would close in 2008. Later, on December 11th 2007, it was announced that IADT Toronto would close in March 2009.
The Toronto location had grown very large from its small beginnings in the mid-1980s, and included programs in Fashion Design, Interior Design, and by the mid-1990s programs in video editing, 3D Animation and design, and later Film production. IADT Toronto owners petitioned the provincial Ontario ",null,null,,null
International Academy of Design & Technology – Seattle,International Academy of Design & Technology – Seattle,예술대학,미국 · 시애틀,2004,Q6048046,http://www.sanfordbrown.edu/seattle,https://en.wikipedia.org/wiki/International_Academy_of_Design_%26_Technology_%E2%80%93_Seattle,,"The International Academy of Design and Technology (IADT) was a private for-profit media arts college in the United States with over ten branches. It was owned by Career Education Corporation. The institution was briefly merged with Sanford-Brown in 2014 before being closed in 2015.


== History ==
In 1977, Clem Stein Jr. founded the International Academy of Merchandising and Design, Ltd in Chicago. The first branch opened in Tampa, Florida in 1984.
Other Branches were opened in other major U.S. cities, early on including a Toronto, Canada location.
The college changed its name in 1999 and 2000 to reflect expanded design and technology programs.
In Early 2024 the Fairmont, WV Campus announced its impending closure. June 2007, CEC announced that the Pittsburgh, Pa Campus of IADT would close in 2008. Later, on December 11th 2007, it was announced that IADT Toronto would close in March 2009.
The Toronto location had grown very large from its small beginnings in the mid-1980s, and included programs in Fashion Design, Interior Design, and by the mid-1990s programs in video editing, 3D Animation and design, and later Film production. IADT Toronto owners petitioned the provincial Ontario ",null,null,,null
James R Scales Fine Arts Center,James R Scales Fine Arts Center,예술대학,미국,,Q6141778,,https://en.wikipedia.org/wiki/James_R_Scales_Fine_Arts_Center,https://upload.wikimedia.org/wikipedia/commons/thumb/4/43/Scales_Fine_Arts_Center.jpg/500px-Scales_Fine_Arts_Center.jpg?utm_source=en.wikipedia.org&utm_campaign=api&utm_content=thumbnail,"The Scales Fine Arts Center is home to Wake Forest University's performing and visual arts departments.

Named in 1979 in honor of James Ralph Scales, the 11th President of Wake Forest, the facility consists of two sections that are now referred to as Lower and Upper Scales but was once described as ""one great hallelujah."" Lower Scales houses the theatre, dance, and art departments while Upper Scales is home to the music department.
Dedicated as ""The Fine Arts Center"" in 1976, the lower wing houses the Harold C. Tedford Main Stage Theatre, the Ring Theatre (a theatre-in-the-round), the Eleanor Layfield Davis Painting Studio, and the Mary Duke Biddle Greenroom. Also located in the lower wing is the Hanes Art Gallery, named for Charlotte and Phillip Hanes, and an arts slide library dedicated to Andrew Lewis Aycock, retired Professor of English, who made the collection possible.
The music wing, dedicated in 1982, houses Brendle Recital Hall, a 630-seat performance space named for James David Brendle. A dedicated space for student performances, Brendle Hall is also the home of the Secrest Artists Series as well as hosting visiting speakers and the Lilting Banshees Comedy Troupe.


== R",null,null,,null
Jepson Art Institute,Jepson Art Institute,예술대학,미국 · 로스앤젤레스,1945,Q6180462,,https://en.wikipedia.org/wiki/Jepson_Art_Institute,,"Jepson Art Institute, founded in 1945 by artist Herbert Jepson, was an art school located at  2861 West 7th Street in the Westlake district of central Los Angeles, California.
It flourished  from 1947 to 1953 — becoming an important center for experimental figure drawing, art theory (aesthetics) and printmaking. Prior to this, Jepson served as an instructor at L.A.'s esteemed Chouinard Art Institute for a dozen years. The Jepson Art Institute closed in 1954.


== Faculty ==
On the faculty, internationally acclaimed figurative artists Rico Lebrun and Francis de Erdely attracted students who later achieved distinction in their own fields such as sculptor Marisol Escobar (""Marisol""), painters Joseph Glasco, Frederick Hammersley and Delmer J. Yoakum, illustrator David Passalaqua, art director Richard Bousman, and architectural sculptor Malcolm  Leland.
Show business luminaries of the period such as Vincent Price, Zero Mostel and comedian Fannie Brice (artist/instructor William Brice's mother) often came to the Jepson Art Institute to hear the lectures of Lebrun and to sit in on classes with Jepson, who was known as a consummate figure draughtsman.
The art of serigraphy was pioneered at",null,null,"Marisol Escobar, Joseph Glasco",null
Jilin University of Arts,Jilin University of Arts,예술대학,중화인민공화국 · 창춘시,1958,Q6192690,http://www.jlart.edu.cn,https://en.wikipedia.org/wiki/Jilin_University_of_Arts,,"Jilin University of Arts (Chinese: 吉林艺术学院; pinyin: Jílín Yìshù Xúeyuàn) is a university in Changchun, Jilin, China.


== History ==
The Department of Music of Jilin Normal University (current Northeast Normal University) was spun off as Jilin Professional School of the Arts (吉林艺术专科学校). It was renamed to Jilin University of Arts in 1978.


== Alumni ==
Liang Bo, winner of The Voice of China (season 1)
Wang Shangsheng, painter


== References ==


== External links ==
Official website",null,null,,null
Jonava Janina Miščiukaitė School of Art,Jonava Janina Miščiukaitė School of Art,예술대학,리투아니아 · 요나바,1965,Q2596037,http://www.jmm.lt,https://en.wikipedia.org/wiki/Jonava_Janina_Mi%C5%A1%C4%8Diukait%C4%97_School_of_Art,https://upload.wikimedia.org/wikipedia/commons/thumb/9/91/Mi%C5%A1%C4%8Diukait%C4%97s_meno_mokyklos_logo.png/500px-Mi%C5%A1%C4%8Diukait%C4%97s_meno_mokyklos_logo.png?utm_source=en.wikipedia.org&utm_campaign=api&utm_content=thumbnail,"Janina Miščiukaitė School of Art (Lithuanian: Janinos Miščiukaitės meno mokykla) is a public art school in Jonava, Lithuania. Founded in 1965 as a music school, it added applied arts classes in 1982, choreography in 1992 and drama studies in 1993. In 1990, the school was relocated to the old town of Jonava. In 1994, the school received the status of an art school status and was renamed after Janina Miščiukaitė in 2009.


== References ==


== External links ==
Official website",null,null,,null
Jutland Art Academy,Jutland Art Academy,예술대학,덴마크 · 오르후스시,1959,Q6318720,http://www.djk.nu/,https://en.wikipedia.org/wiki/Jutland_Art_Academy,https://upload.wikimedia.org/wikipedia/commons/thumb/a/a7/Det_jyske_kunstakademi.jpg/500px-Det_jyske_kunstakademi.jpg?utm_source=en.wikipedia.org&utm_campaign=api&utm_content=thumbnail,"Jutland Art Academy (Danish: Det Jyske Kunstakademi, abbreviated DJK), is a state recognized institute for higher education in Aarhus, Denmark, offering a 5-year programme in contemporary art. The academy has no departments and focuses on conceptually driven practices and transdisciplinary work. The academy has about 50 students. The school is located in the street of Mejlgade in the Latin Quarter of Aarhus.
Other recognized Art Academies in Denmark comprise the Royal Danish Academy of Art in Copenhagen, and Funen Art Academy in Odense. There are other institutions which also use the name 'art academy', but none of these are state recognized as institutions of higher education.


== History ==
DJK was established in 1959 as an independent player in the Danish milieu of educations in the arts. In 1964 the academy moved into its current location in the buildings in Mejlgade 32-34. In 1969 DJK entered the state budget, effectively making all students of Danish citizenship eligible for state education stipend SU (Danish: abbr. for Statens Uddannelsesstøtte). In 1999 the academy decided to discontinue the traditional division into media-based departments (painting, sculpture, graphics, ",null,null,,null
Kanazawa College of Art,Kanazawa College of Art,예술대학,일본 · 가나자와시,1946,Q276599,https://www.kanazawa-bidai.ac.jp/,https://en.wikipedia.org/wiki/Kanazawa_College_of_Art,https://upload.wikimedia.org/wikipedia/commons/thumb/c/ca/Kanazawa_College_of_Art.jpg/500px-Kanazawa_College_of_Art.jpg?utm_source=en.wikipedia.org&utm_campaign=api&utm_content=thumbnail,"The Kanazawa College of Art (Japanese: 金沢美術工芸大学, Hepburn: Kanazawa Bijutsu Kōgei Daigaku; lit. 'Kanazawa Art and Industrial Design University'), colloquially known as Bidai or Kanabi, is a public university in Kanazawa, Ishikawa, Japan.


== About ==
Kanazawa College of Art was founded in 1946 by the Kanazawa municipal government following World War II, and became a full-fledged university in 1955. The graduate program was established in 1979. 
Currently, on an annual basis the school enrolls 145 undergraduates, 32 for the master's program, and seven in the doctoral program. It is the smallest art university in Japan with regards to the number of students, only having about 600-700 students at any given time. The university is known for a peculiar tradition in which some students wear costumes to the graduation ceremony.
The university was originally located in the Dewa district of Kanazawa, and moved to its current location in 1972. In 2016 the university announced plans to relocate to a new campus in the near future, citing a lack of space, outdated and inadequate facilities, and no universally-accessible installations (such as slopes and wheelchair-friendly restrooms) in the nea",null,null,"호소다 마모루, 히가시무라 아키코, 요네바야시 히로마사, 미야모토 시게루",null
Kansas City Art Institute,Kansas City Art Institute,예술대학,미국 · 캔자스시티,1885,Q6364655,http://www.kcai.edu,https://en.wikipedia.org/wiki/Kansas_City_Art_Institute,https://upload.wikimedia.org/wikipedia/commons/thumb/2/2b/Kansas_City_Art_Institute_lawn_view.JPG/500px-Kansas_City_Art_Institute_lawn_view.JPG?utm_source=en.wikipedia.org&utm_campaign=api&utm_content=thumbnail,"The Kansas City Art Institute (KCAI) is a private art school in Kansas City, Missouri. The college was founded in 1885 and is an accredited by the National Association of Schools of Art and Design and Higher Learning Commission. The institute has approximately 75 faculty members and 700 students, and offers a Bachelor of Fine Arts degree.


== History ==

The school was founded in 1885 when art enthusiasts formed the ""Sketch Club"" with the purpose of ""talking over art matters in general and to judge pictures.""  Meetings were originally in private homes and then moved to the Deardorf Building at 11th and Main in downtown Kansas City. The club had its first exhibition in 1887 and 12 benefactors stepped forward to form the Kansas City Art Association and School of Design.
In 1927, Howard Vanderslice purchased the August R. Meyer residence, a Germanic castle entitled Marburg and its 8-acre (3.24 ha) estate at 44th and Warwick Boulevard adjacent to the planned Nelson-Atkins Museum of Art.  A Wight and Wight addition was added to the building. The residence was later renamed ""Vanderslice Hall"" and is listed on the National Register of Historic Places along with another building on the ca",null,null,"월트 디즈니, 빅터 파파넥, 데니스 호퍼, 로버트 라우션버그",null
Karlsruhe University of Arts and Design,Karlsruhe University of Arts and Design,예술대학,독일 · 카를스루에,1992,Q896116,https://hfg-karlsruhe.de/en/,https://en.wikipedia.org/wiki/Karlsruhe_University_of_Arts_and_Design,http://commons.wikimedia.org/wiki/Special:FilePath/HfG%20Karlsruhe.svg,"The Karlsruhe University of Arts and Design (German: Staatliche Hochschule für Gestaltung Karlsruhe; HfG) is a state art college founded in 1992 in Karlsruhe, Germany. It focuses on media art, communication design, product design, exhibition design and scenography, art research, and media philosophy, with a strong interdisciplinarity between the departments. The university has about 400 students.


== History ==
The university was opened on 15 April 1992 as a reform college in Karlsruhe. Together with the Center for Art and Media Karlsruhe (ZKM) it was founded during the years 1989 to 1992 by Heinrich Klotz. This combination of teaching, research and exhibition institutions corresponds to the self-imposed artistic and pedagogical task of relating the traditional arts to media technology and electronic manufacturing processes.
Classical forms such as painting were only represented with a professorship until 2004. Interdisciplinary work should be promoted by linking artistic, applied and theoretical courses. With bringing together media art, art theory and design Klotz wanted to found an ""electronic Bauhaus"". Since 1997, the HfG Karlsruhe as well as the ZKM is housed in a listed form",null,null,,null
Kaunas Faculty of Vilnius Academy of Arts,Kaunas Faculty of Vilnius Academy of Arts,예술대학,리투아니아,1922,Q1426221,https://www.vda.lt/en/faculty-of-kaunas/,,,,null,null,,null
Kendall College of Art and Design,Kendall College of Art and Design,예술대학,미국 · 그랜드래피즈,1928,Q6388895,https://kcad.ferris.edu/,https://en.wikipedia.org/wiki/Kendall_College_of_Art_and_Design,https://upload.wikimedia.org/wikipedia/commons/thumb/c/c9/Image_Courtesy_Kendall_College_of_Art_and_Design_of_Ferris_State_University_.jpg/500px-Image_Courtesy_Kendall_College_of_Art_and_Design_of_Ferris_State_University_.jpg?utm_source=en.wikipedia.org&utm_campaign=api&utm_content=thumbnail,"Kendall College of Art and Design of Ferris State University (KCAD) is a college of art and design located in downtown Grand Rapids, Michigan.
Founded in 1928 as a private art academy, the college merged with Ferris State University in 2000. Offering bachelor's and master's degree programs  encompassing design, visual arts, decorative arts, art history, and critical theory, KCAD is accredited by the National Association of Schools of Art and Design, and the Higher Learning Commission of the North Central Association of Colleges and Schools.


== Academics and rankings ==


=== Rankings ===
According to U.S. News & World Report, KCAD's Master of Fine Arts program in Studio Art is ranked #110 in the United States, tied with those of California State University, Chico, and California State University, Long Beach.


=== Programs ===
The college's primary offering is its four-year undergraduate program, which combines general-education courses based on a model it calls Pathways, common foundational subjects, and a concentration of courses specific to each area of study, usually with a heavy studio focus. Kendall offers degrees in: Art History: Studio (BA), Art History: Academic (BA), Ar",null,null,"메이너드 제임스 키넌, 본스",null
Laguna College of Art and Design,Laguna College of Art and Design,예술대학,미국 · 러구나비치,1961,Q6472813,https://www.lcad.edu,https://en.wikipedia.org/wiki/Laguna_College_of_Art_and_Design,,"Laguna College of Art and Design (LCAD) is a private college in Laguna Beach, California. With an enrollment of more than 700 students, the college offers Bachelor of Fine Arts degrees in 11 majors and three Master of Fine Arts degree programs as well as a post-baccalaureate certificate program in Drawing and Painting.
LCAD has an affiliate arrangement with the Florence Academy of Art for summer study in Florence, Italy for class credit. Similar arrangements for Painting and Drawing majors exist with the Art Students League, and for Game Art majors with the Academy for Digital Entertainment at NHTV Breda University of Applied Sciences. In Graphic Design, an association was created in 2011 with the Communication University of China, Beijing. Since 2014, the college has partnered with Vermont College of Fine Arts on a BFA/MAT dual degree program.


== Facilities ==

Laguna College of Art and Design's campus sprawls across several scenic acres from the Big Bend area of Laguna Coast Wilderness Park to downtown Laguna Beach. The college's historic Main Campus is situated in Laguna Canyon, on 4 acres (16,000 m2). Across the street are the Suzanne Chonette Senior Studios and LCAD's Admini",null,null,,null
Lamar Dodd School of Art,Lamar Dodd School of Art,예술대학,미국,1937,Q6480856,,https://en.wikipedia.org/wiki/Lamar_Dodd_School_of_Art,,"The Lamar Dodd School of Art is the art school of the Franklin College of Arts and Sciences at the University of Georgia (UGA) in Athens, Georgia, United States.


== History ==

In 1927, the University of Georgia’s board of trustees voted to establish formally a chair of fine and applied arts in the college of agriculture.  Prior to the formal establishment of the art department, opportunities to study craft had existed at the Normal School and the College of Agriculture. In his announcement of the new department of fine and applied arts, the president of the College of Agriculture stated that the program would include instruction “in drawing, painting, clay work, designing and art work.”
Mildred Pierce Ledford (1895–1975) of Tennessee arrived in the fall of 1927 to head the new department. Ledford had received her bachelor of science degree in education from the University of Oklahoma and a diploma in fine and applied arts from Pratt Institute in New York. Ledford—whose college education set her apart from the majority of female art teachers on college campuses in the United States at the time—taught a variety of courses, including ones that offered instruction in batik, weaving,",null,null,,null
Layton School of Art,Layton School of Art,예술대학,미국 · 밀워키,1920,Q6505719,,https://en.wikipedia.org/wiki/Layton_School_of_Art,https://upload.wikimedia.org/wikipedia/commons/thumb/2/2c/Layton_Art_Gallery_NWcorner_1888.jpg/500px-Layton_Art_Gallery_NWcorner_1888.jpg?utm_source=en.wikipedia.org&utm_campaign=api&utm_content=thumbnail,"The Layton Art Gallery is a defunct art museum in Milwaukee, Wisconsin. Built at the initiative of British-American businessman Frederick Layton, the gallery was inaugurated in 1888 as the first public art institution in the city. Its one-story building, designed in the Greek Revival style by Scottish architect George Ashdown Audsley, stood at the corner of Mason and Jefferson streets, in downtown Milwaukee. The bulk of the gallery's works consisted of Layton's personal collection of European and American paintings and sculpture, assembled during the five years preceding the institution's opening, as well as subsequent purchases through an endowment. 
Following Layton's death, art educator Charlotte Partridge opened the Layton School of Art in the basement of the gallery, a decision originally met with opposition from part of the public. Nevertheless, the school operated on site until 1951, when it relocated to a new building in the East Side district of Milwaukee. In 1957, the Layton Art Gallery merged with another institution, the Milwaukee Art Institute, to form the future Milwaukee Art Museum, housed in the County War Memorial designed by architect Eero Saarinen. The vacant Aud",null,null,래리 클라크,null
Leeds Arts University,Leeds Arts University,예술대학,영국 · 시티오브리즈,1846,Q3228965,http://www.leeds-art.ac.uk/,https://en.wikipedia.org/wiki/Leeds_Arts_University,https://upload.wikimedia.org/wikipedia/commons/thumb/a/a0/Leeds_College_of_Art_blue_plaque.jpg/500px-Leeds_College_of_Art_blue_plaque.jpg?utm_source=en.wikipedia.org&utm_campaign=api&utm_content=thumbnail,"Leeds Arts University is a specialist arts further and higher education institution, based in the city of Leeds, West Yorkshire, England, with a main campus opposite the University of Leeds.


== History ==
 
It was founded in 1846 as the Leeds School of Art. From 1968 to 1993 it was known as Jacob Kramer College, after Jacob Kramer, having lost part of its provision to Leeds Polytechnic (the future Leeds Beckett University). It was known as Leeds College of Art and Design until 2009, and then as Leeds College of Art. In August 2017, the school was granted university status and the name was changed to Leeds Arts University.
Skin, DJ, fashion icon, actress, activist and lead singer of Skunk Anansie, was appointed as the university's chancellor in 2021.


== Locations ==
The University today has city centre sites at Blenheim Walk and at Vernon Street.


== Academic profile ==


=== Further education courses ===
Extended Diploma in Creative Practice
Foundation Diploma in Art & Design - one of the largest in the country, with 280 students validated by the University of the Arts London


=== Undergraduate courses ===
BA (Hons) Acting For Screen
BA (Hons) Animation
BA (Hons) Comic & Conc",null,null,"Glen Baxter, Michael Chapman, 헨리 무어, 토니 스콧",null
Lincoln School of Art,Lincoln School of Art,예술대학,영국 · 링컨,,Q6551006,,https://en.wikipedia.org/wiki/Lincoln_College_of_Art,https://upload.wikimedia.org/wikipedia/commons/thumb/f/fd/Christ%27s_Hospital_Girl%27s_School_-_geograph.org.uk_-_653888.jpg/500px-Christ%27s_Hospital_Girl%27s_School_-_geograph.org.uk_-_653888.jpg?utm_source=en.wikipedia.org&utm_campaign=api&utm_content=thumbnail,"The Lincoln College of Art was an educational institution devoted to the arts, based in the English city of Lincoln with its origins in the mid-nineteenth century. The institution changed shape and name numerous times over its history before being absorbed into the University of Lincoln. Midway through the nineteenth century, the then British Government's Department of Science and Art, based in South Kensington, began establishing a network of art schools as a means of promoting and aiding manufacturing. One of the oldest institutions of its kind in Britain, it became one of Britain's leading art schools, and was one of the first to introduce the teaching of the techniques derived from the French School of Impressionism.  Many of its students went on to exhibit at the Paris Salon and the Royal Academy.  Amongst its alumni are members of the Newlyn School and two Royal Academicians.  It also popularised the art and crafts exhibitions in Lincolnshire that became important annual events in the late 19th and early 20th centuries.


== Founding and early years ==

The Lincoln School of Art has its origins in the art school movement that followed the 1851 Great Exhibition.  The School wa",null,null,Frank Bramley,null
Maastricht Academy of Fine Arts,Maastricht Academy of Fine Arts,예술대학,네덜란드 · 마스트리흐트,1959,Q2731808,http://www.abkmaastricht.nl,https://en.wikipedia.org/wiki/Maastricht_Institute_of_Arts,https://upload.wikimedia.org/wikipedia/commons/thumb/d/dd/Maastricht%2C_Herdenkingsplein%2C_Stadsacademie03.jpg/500px-Maastricht%2C_Herdenkingsplein%2C_Stadsacademie03.jpg?utm_source=en.wikipedia.org&utm_campaign=api&utm_content=thumbnail,"Academy of Arts Maastricht | Academy of Architecture Maastricht, formerly known as Maastricht Institute of Arts, the Academie Beeldende Kunsten Maastricht (Maastricht Academy of Fine Arts and Design) and the Stadsacademie voor Toegepaste Kunsten (City Academy of Applied Arts), is a cluster of visual arts education from Zuyd University of Applied Sciences in Maastricht. The institute offers higher education in Bachelor of Education, Fine Arts and Design, Communication Design, Architecture and Interior Design, Interdisciplinary Arts, and in Master of Scientific Illustration, Architecture and Interior Design. Since 2020, the institute, in cooperation with the Academies of Music and Theatre, the Jan van Eyck Academy and Maastricht University, has offered the possibility of a doctorate in the visual arts. The institute focuses on the meaning of art as a phenomenon in its own right, with its own insights and laws.
The institute is located on Herdenkingsplein and Brusselsestraat in the Brusselsestraat neighbourhood in a building complex dating from the 1960s with a connected extension by Wiel Arets dating from 1993.


== History ==

A decision was taken by Royal Decree on 13 April 1817 to",null,null,,null
Maine College of Art & Design,Maine College of Art & Design,예술대학,미국 · 포틀랜드,1882,Q3695342,http://www.meca.edu,https://en.wikipedia.org/wiki/Maine_College_of_Art_%26_Design,https://upload.wikimedia.org/wikipedia/commons/thumb/5/5d/MECA_25_FirstFriday-13.jpg/500px-MECA_25_FirstFriday-13.jpg?utm_source=en.wikipedia.org&utm_campaign=api&utm_content=thumbnail,"Maine College of Art & Design (MECA&D) is a private art school in Portland, Maine. Founded in 1882, Maine College of Art & Design is the oldest arts educational institution in Maine. Roughly 32% of MECA&D students are from Maine. The College is accredited by the New England Commission of Higher Education. In August 2021, the institution formerly named Maine College of Art changed its name to Maine College of Art & Design to reflect the school's emphasis on design. 


== Campus ==
Maine College of Art & Design's central academic building resides on Congress Street. This historic building, the Porteous, Mitchell and Braun Company Building, was renovated in the late 1990s to suit the school's needs. With 125,000 square feet (11,600 m2) of space, this former department store is now a six-floor vertical campus. The school also has space in 380 Cumberland on Cumberland Avenue, including drawing studios, academic classrooms, and MFA studios.
Maine College of Art & Design is a member of the Association of Independent Colleges of Art and Design (AICAD), a consortium of thirty-six art schools in the United States. 


== Academics ==
Maine College of Art & Design offers a Bachelor of Fine Art",null,null,,null
Massachusetts College of Art and Design,Massachusetts College of Art and Design,예술대학,미국 · 보스턴,1873,Q4381563,http://www.massart.edu,https://en.wikipedia.org/wiki/Massachusetts_College_of_Art_and_Design,http://commons.wikimedia.org/wiki/Special:FilePath/MassArt%20Logo%20Black.png,"Massachusetts College of Art and Design, branded as MassArt, is a public college of visual and applied art in Boston, Massachusetts. Founded in 1873, it is one of the nation's oldest art schools, and the only publicly funded independent art school in the United States. It was the first art college in the United States to grant an artistic degree.
It is a member of the Colleges of the Fenway (a resources- and facilities-sharing collegiate consortium located in the Longwood Medical and Academic Area of Boston), and the ProArts Consortium (an association of seven Boston-area colleges dedicated to the visual and performing arts).


== History ==
In the 1860s, civic and business leaders whose families had made fortunes in the China Trade, textile manufacture, railroads, and retailing, sought to influence the long-term development of Massachusetts. To stimulate learning in technology and fine art, they persuaded the state legislature to charter several institutions, including the Massachusetts Institute of Technology (1860) and the Museum of Fine Arts (1868). The third of these, founded in 1873, was the Massachusetts Normal Art School, intended to support the Massachusetts Drawing Act of",null,null,"핼 하틀리, Nancy Haigh, 월터 피스톤, Christian Marclay",null
Memphis College of Art,Memphis College of Art,예술대학,미국 · 멤피스,1936,Q6815815,http://www.mca.edu,https://en.wikipedia.org/wiki/Memphis_College_of_Art,https://upload.wikimedia.org/wikipedia/commons/thumb/5/5d/Memphis_College_of_Art%2C_Memphis_Tennessee.jpg/500px-Memphis_College_of_Art%2C_Memphis_Tennessee.jpg?utm_source=en.wikipedia.org&utm_campaign=api&utm_content=thumbnail,"Memphis College of Art (MCA) was a private art college in Memphis, Tennessee.  It was in Overton Park, adjacent to the Memphis Brooks Museum of Art. It offered Bachelor of Fine Arts, Master of Fine Arts, Master of Arts in Art Education and Master of Arts in Teaching degrees. However, it faced significant financial challenges and closed in the spring of 2020.


== History ==
The college opened on October 5, 1936, and was once housed in the James Lee House in Victorian Village. When the college opened, it was originally named the Memphis Academy of Art. Before becoming an independent college, it was initially named the James Lee Memorial Academy of Art and was funded by the Memphis Art Association. Their independence was declared after a dispute with the Memphis Art Association's director, Florence M. McIntyre, who disapproved of their acceptance of modernism. The school then officially opened as the Mid-South School of Fine Arts, soon renamed as the Memphis Academy of Art.
From 1959 until its closing, the main building of the college was Rust Hall in Overton Park, an award-winning example of mid-century architecture designed by Roy Harrover with his company, Harrover & Mann. In its ",null,null,"Emily Jacir, 에이미 카터",null
Michaelis School of Fine Art,Michaelis School of Fine Art,예술대학,남아프리카 공화국 · 케이프타운시,,Q6835643,http://www.michaelis.uct.ac.za/,https://en.wikipedia.org/wiki/Michaelis_School_of_Fine_Art,https://upload.wikimedia.org/wikipedia/commons/thumb/b/b5/Uct-rag-concert-at-kirstenbosch-gardens-001.jpg/500px-Uct-rag-concert-at-kirstenbosch-gardens-001.jpg?utm_source=en.wikipedia.org&utm_campaign=api&utm_content=thumbnail,"The Michaelis School of Fine Art is a public tertiary art school in the Cape Town suburb of Gardens. It was founded in 1925 and is named after its benefactor, Max Michaelis. It is the Fine Arts department of the University of Cape Town. There are three research institutions associated with the school, namely The Lucy Lloyd Archive, Research and Exhibition Centre (LLAREC), the Centre for Curating the Archive (CCA) and the Katrine Harries Print Cabinet, which has been instrumental in promoting printmaking as well as conserving and exhibiting prints in the collection.The major graduate degree offered at the School is the Master of Fine Art where students work in both new and traditional fine art disciplines.


== Program ==
Courses are offered in New Media, Painting, Photography, Printmaking, Sculpture and Curatorship.


== Notable alumni ==


== Notable staff ==


== References ==


== External links ==
Official site of Michaelis School of Fine Art
ARC: the Visual University and its Columbarium
Lucy Lloyd Archive Resource and Exhibition Centre (LLAREC) now part of the CCA
History of the Michaelis Collection",null,null,"Marlene Dumas, Breyten Breytenbach, Nandipha Mntambo, Jonathan Shapiro",null
Milwaukee Institute of Art & Design,Milwaukee Institute of Art & Design,예술대학,미국 · 위스콘신주,1974,Q6861755,https://www.miad.edu/,https://en.wikipedia.org/wiki/Milwaukee_Institute_of_Art_%26_Design,https://upload.wikimedia.org/wikipedia/commons/thumb/8/81/Milwaukee_Institute_of_Art_%26_Design_monogram.svg/500px-Milwaukee_Institute_of_Art_%26_Design_monogram.svg.png?utm_source=en.wikipedia.org&utm_campaign=api&utm_content=thumbnail,"The Milwaukee Institute of Art & Design (MIAD) is a private art school in Milwaukee, Wisconsin, United States. Founded in 1974, MIAD is accredited by the Higher Learning Commission and the National Association of Schools of Art and Design. The Jane Bradley Pettit Building is the college's main academic building, located on the Milwaukee River in the Historic Third Ward.


== History ==

MIAD’s predecessor was the Layton School of Art. Layton was founded in 1920 by business and life partners Charlotte Partridge and Miriam Frink. The two women worked together from 1920 until 1954 when they received an unexpected request from the board tor their resignations ""in the form of an ultimatum."" The forced retirement came along with the boards appointment of artist and Layton School of Art graduate, Edmund Lewandowski as the new director. Lewandowski remained in a leadership position until the school closed under much duress. Investigative journalist Mary Lou Ballweg wrote a ten page article Layton: The Death of a School published in Investor Magazine that outlines the unionization of frustrated staff and mismanagement of funding that resulted in the schools closing called in 1974.
Upon clos",null,null,,null
Mimar Sinan Fine Arts University,Mimar Sinan Fine Arts University,예술대학,튀르키예 · 이스탄불,1882,Q1936057,http://www.msgsu.edu.tr/,https://en.wikipedia.org/wiki/Mimar_Sinan_Fine_Arts_University,https://upload.wikimedia.org/wikipedia/commons/thumb/7/70/Istanbul_Bosphorus_Mimar_Sinan_Fine_Arts_University_IMG_7561_1800.jpg/500px-Istanbul_Bosphorus_Mimar_Sinan_Fine_Arts_University_IMG_7561_1800.jpg?utm_source=en.wikipedia.org&utm_campaign=api&utm_content=thumbnail,"Mimar Sinan Fine Arts University (Turkish: Mimar Sinan Güzel Sanatlar Üniversitesi, or MSGSÜ) is a public art university in Istanbul, Turkey. The university's campus is located in the Fındıklı, Beyoğlu. The university was established in 1882 under the leadership of Osman Hamdi Bey.


== History ==
On January 1, 1882, the Ottoman Turkish painter, art historian, archaeologist, and museum curator Osman Hamdi Bey established the Imperial College of Fine Arts (Turkish: Sanayi-i Nefise Mekteb-i Âlisi, formally Mekteb-i Sanayi-i Nefise-i Şâhâne or Sanayi-i Nefise Mektebi), modeled after the Beaux-Arts de Paris. When it opened on March 2, 1883 with eight instructors and 20 students, the college was the Ottoman Empire's first educational institution for fine arts and architecture.
In 1914, the school became co-educational. In 1928, it was converted from a school to an academy, the first in Turkey, and its name was changed to the State Academy of the Fine Arts (Turkish: Devlet Güzel Sanatlar Akademisi). In 1969, it was renamed as the Istanbul State Academy of Fine Arts (Turkish: İstanbul Devlet Güzel Sanatlar Akademisi, or İDGSA), and gained administrative autonomy according to Law No. 1172 ",null,null,"Adnan Oktar, 데리아 알라보라, 엔긴 구나이딘, Zeki Müren",null
Minneapolis College of Art and Design,Minneapolis College of Art and Design,예술대학,미국 · 미니애폴리스,1886,Q6867974,http://mcad.edu,https://en.wikipedia.org/wiki/Minneapolis_College_of_Art_and_Design,https://upload.wikimedia.org/wikipedia/commons/thumb/b/b8/Minneapolis-college-art-design-campus-birds-eye.jpg/500px-Minneapolis-college-art-design-campus-birds-eye.jpg?utm_source=en.wikipedia.org&utm_campaign=api&utm_content=thumbnail,"The Minneapolis College of Art and Design (MCAD) is a private college specializing in the visual arts and located in Minneapolis, Minnesota. MCAD currently enrolls approximately 800 students. MCAD is one of just a few major art schools to offer a major in comic art.


== History ==
MCAD was founded in 1886 by the trustees of the Minneapolis Society of Fine Arts and originally named the Minneapolis School of Fine Arts. Douglas Volk (1856–1935), an accomplished American portrait painter who studied in Paris with renowned French painter and sculptor Jean-Léon Gérôme (1824–1904), became the school's first president. Its inaugural class was held in a rented apartment in downtown Minneapolis and had an enrollment of 28 students, 26 of whom were women.
In December 1889, the school found a more permanent home on the top floor of the just-finished Minneapolis Public Library at 10th Street and Hennepin Avenue. In 1893, noted German-born painter and educator Robert Koehler (1850–1917) moved from New York to Minnesota to become president of the school. Over the next ten years, he developed much of the curriculum that is known today as the art education field. By the turn of the century, the sc",null,null,"James Rosenquist, 완다 가그",null
Moholy-Nagy University of Art and Design,Moholy-Nagy University of Art and Design,예술대학,헝가리 · 부다페스트,1870,Q718311,https://mome.hu/,https://en.wikipedia.org/wiki/Moholy-Nagy_University_of_Art_and_Design,https://upload.wikimedia.org/wikipedia/commons/thumb/1/1e/Moholy-Nagy1.jpg/500px-Moholy-Nagy1.jpg?utm_source=en.wikipedia.org&utm_campaign=api&utm_content=thumbnail,"The Moholy-Nagy University of Art and Design (Hungarian: Moholy-Nagy Művészeti Egyetem [ˈmoholi ˈnɒɟ ˈmyːveːsɛti ˈɛɟɛtɛm], MOME), former Hungarian University of Arts and Design, is located in Budapest, Hungary. Named after László Moholy-Nagy, the university offers programs in art, architecture, designer and visual communication.


== History ==
The predecessor of the Moholy-Nagy University of Art and Design, the Hungarian Royal National School of Arts and Crafts, was founded in 1880 and operated under this name until 1944. Like other European Art Colleges, it evolved from a handicraft industry school, the Model Drawing School. Its founder and first director, Gusztáv Kelety declared the ‘educational support of a more artistic wood and furniture industry’ the aim of the new institution. The spirit of the school was fundamentally influenced by the Arts and Crafts Movement of Britain, as well as by Hungarian folklore.
At first there was only one department, in which architectural drawing and design were taught. Goldsmithing, xylography, and decorative carving classes started in 1883, while decorative painting and copperplate engraving classes began in 1884. (Enameling and jewelry desig",null,null,"에르노 루빅, 너지 라슬로, István Orosz, Éva Bednay",null
Monash University Faculty of Art & Design,Monash University Faculty of Art & Design,예술대학,오스트레일리아 · 빅토리아주,,Q6898247,,"https://en.wikipedia.org/wiki/Monash_Art,_Design_and_Architecture",,"Monash Art, Design and Architecture (MADA), also known as the  Faculty of Art, Design & Architecture at Monash University, undertakes teaching and research in the areas of fine art, design, architecture, urban design and curation. Created from the Monash University College of Art and Design and formerly known as the Faculty of Art and Design, it is located at the Caulfield Campus.


== History ==
In 1993, John Redmond joined Monash University as Director of Monash University College of Art and Design, and was appointed founding Dean of the new Faculty of Art and Design in 1998.
In 2008, the Faculty launched a new course in architecture, the first new architecture course in Australia for 30 years, resulting in the faculty being renamed the Faculty of Art, Design and Architecture. Shane Murray was appointed as the foundation professor of architecture. Professor Murray became the dean of the Faculty of Art, Design & Architecture in 2011, and Dr Diego Ramirez-Lovering was appointed as head of architecture. In 2018, Professor Naomi Stead was appointed head of architecture, and Professor Carl Grodach was appointed founding professor of Urban Planning and Design.
In 2021, Professor Mel Do",null,null,,null
Montserrat College of Art,Montserrat College of Art,예술대학,미국 · 베벌리,1970,Q6906574,http://www.montserrat.edu/,https://en.wikipedia.org/wiki/Montserrat_College_of_Art,,"Montserrat College of Art is a private art school in Beverly, Massachusetts. It is accredited by the New England Commission of Higher Education and the National Association of Schools of Art and Design.


== History ==

The school was established in 1970 as Montserrat School of Visual Arts and was founded by the North Shore Community Arts Foundation, a civic organization that managed the nearby North Shore Music Theatre. Joseph Jeswald, a local artist and former head of the Fine Arts Department at New England School of Art and Design, was chosen to serve as the first president of the school and Stephen Slane, one of the founders of the Arts Foundation along with C. Henry Glovsky and Ruby Newman, was named managing director. The school was accredited as a college and authorized to award a Bachelor of Fine Arts degree in the mid-1980s, at which time it changed to its name to the Montserrat College of Art. In 1992, the school moved to its present location on Essex Street in the Hardie Building, a renovated nineteenth-century school structure that serves as the campus center.
In early 2015, Montserrat College of Art explored a possible merger with Salem State University, a large public",null,null,,null
Moore College of Art and Design,Moore College of Art and Design,예술대학,미국 · 펜실베이니아주,1848,Q3323609,http://www.moore.edu,https://en.wikipedia.org/wiki/Moore_College_of_Art_and_Design,https://upload.wikimedia.org/wikipedia/commons/thumb/d/d3/Moore_College_Art_Design_Logo_2023.jpg/500px-Moore_College_Art_Design_Logo_2023.jpg?utm_source=en.wikipedia.org&utm_campaign=api&utm_content=thumbnail,"Moore College of Art & Design is a private art school in Philadelphia, Pennsylvania. It was founded in 1848 by Sarah Worthington Peter as the Philadelphia School of Design for Women, and was renamed Moore College of Art & Design in 1989.
Although the school's undergraduate programs were historically only open to women, Moore's board voted to open admission to all genders in 2026, with the new policy planned to be in effect for the 2027-28 academic year. Its other educational programs, including graduate programs and youth programs, are co-educational.


== History ==


=== Philadelphia School of Design for Women ===

Founded in 1848 by Sarah Worthington Peter as the Philadelphia School of Design for Women, it was the first women's art school in the United States. Peter initially operated the school from a room in her home on South Third Street at her own expense. The school was established to prepare women to work in the new industries created during the Industrial Revolution, of which Philadelphia was a center. Instruction began with a drawing class taught by a single teacher, but classes in wood engraving, lithography, china painting, and other subjects were soon added. As the sc",null,null,"Alice Barber Stephens, 제시 윌콕스 스미스, 핑크, Alice Neel",null
Moscow 1905 Academy of Arts,Moscow 1905 Academy of Arts,예술대학,러시아 · 모스크바,1925,Q4304389,http://maxycollege.ru,,,,null,null,,null
Motley Theatre Design Course,Motley Theatre Design Course,예술대학,,,Q6917921,,https://en.wikipedia.org/wiki/Motley_Theatre_Design_Course,,"Motley Theatre Design Course was an independent postgraduate theatre design course based in London.


== History of the school ==


=== Sadler's Wells Opera and English National Opera ===
In 1962, Sadler's Wells Opera announced the appointment of their first permanent creative team of Glen Byam Shaw as Director of Productions, John Blatchley as his assistant and Margaret 'Percy' Harris MBE (of the Motley Theatre Design Group) as Head of Design, stressing that ""apart from their eminence in the world of theatre, they have been connected with teaching, both on the dramatic side and design."" This referred to their involvement in the Old Vic Theatre School (1947–1952), founded by Michel Saint-Denis, George Devine and Glen Byam Shaw. Percy Harris had previously taught at Michel Saint-Denis' experimental London Theatre Studio (1936–1939). Percy had taught Jocelyn Herbert RDI at the London Theatre Studio, and Jocelyn herself was to teach Percy's students from 1966 onwards. As Motley biographer Michael Mullin noted, Percy's aims for the school ""hearkened back to the London Theatre Studio ideal of a ‘company’ who work in happy collaboration, rather than a group of individuals in creative com",null,null,,null
Muthesius Academy of Art,Muthesius Academy of Art,예술대학,독일 · 킬,2005,Q1305888,http://www.muthesius-kunsthochschule.de,https://en.wikipedia.org/wiki/Muthesius_Academy_of_Art,https://upload.wikimedia.org/wikipedia/commons/thumb/d/dc/Muthesius-Kunsthochschule_Kiel.jpg/500px-Muthesius-Kunsthochschule_Kiel.jpg?utm_source=en.wikipedia.org&utm_campaign=api&utm_content=thumbnail,"Muthesius Academy of Art (German: Muthesius Kunsthochschule) is an art school and is located in the city of Kiel in Schleswig-Holstein, Germany. The school was named for architect Hermann Muthesius. The school was founded in 1907 as an Arts and Crafts (movement) and handicraft school, the current version of the school including the name and art school status started in 2005.


== History ==
The school was founded in 1907 under the name Städtische Handwerker und Kunstgewerbeschule (English: Municipal Crafts and Arts and Crafts School). In 1910, the name changed to, Technische und kunstgewerbliche Fachschule (English: Technical and Arts and Crafts School). After World War II in 1945, the name changed to, Muthesius-Werkschule Kiel für Handwerk und angewandte Kunst (English: Muthesius Werkschule Kiel for Handicrafts and Applied Arts). In 1966, it was renamed, Muthesius-Werkkunstschule (English: Muthesius Work Art School).
From 1972 to 1974, the school was incorporated into Kiel University of Applied Sciences. However in 1974, the school became independent again under the name, Muthesius-Hochschule – Fachhochschule für Kunst und Gestaltung (English: Muthesius University - University of ",null,null,,null
Nantes School of Art,Nantes School of Art,예술대학,프랑스,1904,Q3578484,http://www.beauxartsnantes.fr/,,,,null,null,"클로드 카욍, 마셀 무어, 클레르 브르테셰, Jacques de la Villeglé",null
National Academy of Arts,National Academy of Arts,예술대학,불가리아,1896,Q1817742,http://www.nha.bg,https://en.wikipedia.org/wiki/National_Academy_of_Art,https://upload.wikimedia.org/wikipedia/commons/thumb/a/af/Academy_of_Arts_Sofia.JPG/500px-Academy_of_Arts_Sofia.JPG?utm_source=en.wikipedia.org&utm_campaign=api&utm_content=thumbnail,"The National Academy of Art (Bulgarian: Национална художествена академия) is an institution of higher education in Sofia, Bulgaria. It is the oldest and most renowned school of arts in the country.


== History ==
The National Academy of Art was founded in 1896 by noted artists and public figures such as Ivan Mrkvička, Anton Mitov, and sculptor Boris Schatz, as well as  men of letters in the likes of Konstantin Velichkov and Ivan Shishmanov. The original faculty also included Czech painter Jaroslav Věšín.
The National Academy of Art' main edifice was built in 1906 after a project by Alexander Smirnov, the construction being guided by F. Schwanberg.
Renowned painter Nikola Marinov served as Chancellor in the period 1935-1937 and was a professor between 1921 and 1940.


== Structure ==
Over 1,000 students are being educated at the academy in various art subjects, including 130 foreign students and 35 future doctors. The institution is divided into two faculties: Faculty of Fine Arts and Faculty of Applied Arts.


== Notable alumni ==


== References ==


== External links ==
NAA website (in Bulgarian and English)",null,null,"Zlatyu Boyadzhiev, 니콜라 아브라모프, 테오도르 위셰브, Ilia Beshkov",null
National Academy of Design,National Academy of Design,예술대학,미국 · 맨해튼,1825,Q502218,http://www.nationalacademy.org,https://en.wikipedia.org/wiki/National_Academy_of_Design,https://upload.wikimedia.org/wikipedia/commons/thumb/3/31/National_Academy_of_Design_%2848059131596%29.jpg/500px-National_Academy_of_Design_%2848059131596%29.jpg?utm_source=en.wikipedia.org&utm_campaign=api&utm_content=thumbnail,"The National Academy of Design is an honorary association of American artists, founded in New York City in 1825 by Samuel Morse, Asher Durand, Thomas Cole, Frederick Styles Agate, Martin E. Thompson, Charles Cushing Wright, Ithiel Town, and others ""to promote the fine arts in America through instruction and exhibition."" Membership is limited to 450 American artists and architects, who are elected by their peers on the basis of recognized excellence.


== History ==

The original founders of the National Academy of Design were students of the American Academy of the Fine Arts. However, by 1825 the students of the American Academy felt a lack of support for teaching from the academy, its board composed of merchants, lawyers, and physicians, and from its unsympathetic president, the painter John Trumbull.
Samuel Morse and other students set about forming a drawing association to meet several times each week for the study of the art of design. Still, the association was viewed as a dependent organization of the American Academy, from which they felt neglected. An attempt was made to reconcile differences and maintain a single academy by appointing six of the artists from the associatio",null,null,"Lucy Bacon, Thomas Pollock Anshutz, William Sidney Mount, Albert Pinkham Ryder",null
National College of Art and Design,National College of Art and Design,예술대학,아일랜드 · 더블린,1746,Q6971598,https://www.ncad.ie/,https://en.wikipedia.org/wiki/National_College_of_Art_and_Design,https://upload.wikimedia.org/wikipedia/commons/thumb/f/f2/National_College_of_Art_and_Design.JPG/500px-National_College_of_Art_and_Design.JPG?utm_source=en.wikipedia.org&utm_campaign=api&utm_content=thumbnail,"The National College of Art and Design (NCAD) is Ireland's oldest art institution, offering the largest range of art and design degrees at undergraduate and postgraduate level in the country. Originating as a drawing school in 1746, many of the most important Irish artists, designers and art educators have studied or taught in the college. NCAD has always been located in central Dublin, and in 1980 it relocated to the historic Liberties area. The College has around 950 full-time students and a further 600 pursuing part-time courses, and NCAD's students come from more than forty countries. NCAD is a Recognised College of University College Dublin. It is also a member of the European League of Institutes of the Arts.


== History ==


=== Overview ===
The National College of Art and Design can trace its origins in an unbroken line back to the drawing school set up by Robert West in George's Lane, in 1746, and then sponsored by the Dublin Society. The institution has been influenced in turn by the French Enlightenment, the Victorian schools of design, including industrial design, the Arts and Crafts movement, the search for Irish national identity and innovations in British art educat",null,null,"윌리엄 버틀러 예이츠, 제럴딘 피츠제럴드, 조지 윌리엄 러셀, William Orpen",null
National School of Arts and Techniques of theater,National School of Arts and Techniques of theater,예술대학,프랑스 · 5th arrondissement of Lyon,1941,Q3578242,https://www.ensatt.fr/,,,,null,null,"장 로슈포르, 크리스틴 스콧 토머스, 도미니크 베스네하드, Catherine Samie",null
National School of Visual Arts,National School of Visual Arts,예술대학,도미니카 공화국 · 산토도밍고,1942,Q5838751,,https://en.wikipedia.org/wiki/National_School_of_Visual_Arts_(Dominican_Republic),http://commons.wikimedia.org/wiki/Special:FilePath/Logo%20de%20la%20Escuela%20Nacional%20de%20Artes%20Visuales.png,"National School of Visual Arts (Spanish: Escuela Nacional de Artes Visuales; ENAV) is an institution in the field of visual arts in the Dominican Republic. It was inaugurated on August 19, 1942. It is located in Santo Domingo.


== History ==
During the second half of the 19th century in the Dominican Republic, art education primarily took place in the city of Santo Domingo. Some local or foreign artists such as Luis Desangles and others taught painting and drawing classes during the last two decades of the 19th century, often with government support. In the 20th century, education continued with artists like Abelardo Rodríguez Urdaneta, who taught classes in his studio until he founded his school in 1908, which operated until 1933.
In the 1930s and 1940s, many European artists arrived to the Dominican Republic, fleeing the Spanish Civil War and World War II. As a result of the mass emigration of European artists in 1939, the decision was made to create the National School of Fine Arts. During this period, many artists, writers, journalists, correspondent, and mathematics arrived.
Among the first teachers of the National School of Visual Arts were the Spanish painter José Gausachs,",null,null,,null
"National Superior Autonomous School of Fine Arts, Lima","National Superior Autonomous School of Fine Arts, Lima",예술대학,페루 · 리마,1918,Q5202236,http://www.ensabap.edu.pe,"https://en.wikipedia.org/wiki/National_Superior_Autonomous_School_of_Fine_Arts,_Lima",,,null,null,"Julia Codesido, Tilsa Tsuchiya",null
"National University of Arts and Culture, Mandalay","National University of Arts and Culture, Mandalay",예술대학,미얀마,2001,Q7895313,http://www.culture.gov.mm/Universities/NUAC_MDY/default.asp,"https://en.wikipedia.org/wiki/National_University_of_Arts_and_Culture,_Mandalay",https://upload.wikimedia.org/wikipedia/commons/thumb/5/5a/NUAC_Mandalay.jpg/500px-NUAC_Mandalay.jpg?utm_source=en.wikipedia.org&utm_campaign=api&utm_content=thumbnail,"The National University of Art and Culture, Mandalay (Burmese: အမျိုးသားယဉ်ကျေးမှုနှင့် အနုပညာတက္ကသိုလ် (မန္တလေး), pronounced [jɪ̀ɰ̃tɕém̥ṵ tɛʔkəθò (máɰ̃dəlé)]), located in Patheingyi, Mandalay, is one of two performing and visual arts universities in Myanmar. The university offers bachelor's degree programs in traditional Burmese performing and visual arts. Qualified students may continue post-graduate studies at the University of Culture, Yangon. The university's primary language of instruction is in English, and it accepts foreign students.


== History ==
The University of Culture (Mandalay) was officially opened on 5 November 2001 with the act No.(21/98) of the State Law and Order Restoration Council. At the beginning stage of the formation of the University of Culture, U San Win took the responsibility as a Rector on 22 December 2000 according to the meeting No.(46/2000) of the state Law and Order Restoration Council. In 2006, as the Rector U San Win was promoted to Director General of the Department of Archaeology, U Ngwe Htun took the responsibility as a Rector on 1 December 2006 to the National University of Arts and Culture (Mandalay). In May 2009, after the Rector, U Ngwe",null,null,,null
New York Academy of Art,New York Academy of Art,예술대학,미국 · 맨해튼,1980,Q7012997,http://www.nyaa.edu,https://en.wikipedia.org/wiki/New_York_Academy_of_Art,https://upload.wikimedia.org/wikipedia/commons/thumb/d/d3/Street_entrance_of_New_York_Academy_of_Art.jpg/500px-Street_entrance_of_New_York_Academy_of_Art.jpg?utm_source=en.wikipedia.org&utm_campaign=api&utm_content=thumbnail,"The New York Academy of Art is a private, graduate-only art school in the Tribeca neighborhood of New York City. The academy offers a Master of Fine Arts degree and a post-baccalaureate Certificate of Fine Art degree, with a focus on technical training and critical discourse.
The school annually hosts two public events: the TriBeCa Ball and the fund-raising auction Take Home a Nude at Sotheby’s Auction House in New York, both known to attract high-profile guests.


== History ==


=== Early years ===
In the late 1970s, a group of realist New York artists including Jack Beal, Alfred Leslie, Rafael Soyer, and Milet Andrejevic, recognized a need for arts instruction grounded in the teaching of traditional skills.  The early school, then known as the New York Drawing Association, began instruction in 1980 in a rented basement space at the Middle Collegiate Church on the Lower East Side, with New York businessman and art collector Stuart Pivar providing key financial support.
According to sculptor Barney Hodes, the early school was created through a merger in 1982 of two schools started in 1979: the New Brooklyn School of Life Drawing, Painting and Sculpture (formed by Hodes and Francis",null,null,,null
New York School of Applied Design for Women,New York School of Applied Design for Women,예술대학,미국 · 뉴욕주,1892,Q7013959,,https://en.wikipedia.org/wiki/New_York_School_of_Applied_Design_for_Women,https://upload.wikimedia.org/wikipedia/commons/thumb/9/9f/160_Lexington_Avenue_30th_Street_facade.jpg/500px-160_Lexington_Avenue_30th_Street_facade.jpg?utm_source=en.wikipedia.org&utm_campaign=api&utm_content=thumbnail,"The New York School of Applied Design for Women, established in 1892 by Ellen Dunlap Hopkins, was an early design school for women in New York City. The 1908 New York School of Applied Design building was designed by Harvey Wiley Corbett and is now landmarked.
The school became the New York Phoenix School of Design in 1944 when it merged with the Phoenix Art Institute, and in 1974, it merged with the Pratt Institute to form the Pratt-Phoenix School of Design. The building is now the site of Dover Street Market.


== Early years ==
The school, originally located at 200 West 23rd Street, was established in 1892. The founder and driving force of the school, Ellen Dunlap Hopkins, was involved in the academic program, fund-raising among wealthy individuals, management, and administration.

Unique at its time for providing advanced education to working-class women, its purpose was that ""of affording to women inspiration which may enable them to earn a livelihood by the employment of their taste and manual dexterity in the application of ornamental design to manufacture and the arts.""
The school provided courses in illustration, book cover design, interior design, wallpaper and textile de",null,null,Isabel Bishop,null
"New York Studio School of Drawing, Painting and Sculpture","New York Studio School of Drawing, Painting and Sculpture",예술대학,미국 · 뉴욕주,1963,Q7014742,http://www.nyss.org/,"https://en.wikipedia.org/wiki/New_York_Studio_School_of_Drawing,_Painting_and_Sculpture",https://upload.wikimedia.org/wikipedia/commons/thumb/f/f7/NY_Studio_School_8_W8th_cloudy_jeh.jpg/500px-NY_Studio_School_8_W8th_cloudy_jeh.jpg?utm_source=en.wikipedia.org&utm_campaign=api&utm_content=thumbnail,"The New York Studio School of Drawing, Painting and Sculpture is an art school located at 8 West 8th Street in the Greenwich Village neighborhood of Manhattan in New York City, New York, US. It was formed in 1963 by a group of students and their teacher, Mercedes Matter, all of whom had become disenchanted with the fragmented nature of art instruction inside traditional art programs and universities. Today it occupies the building that previously housed the Whitney Museum of American Art.
From its start, the Studio School was founded on the principle that drawing from life should form of the basis of artistic development. Furthermore, rather than attending a series of disjointed classes, students were encouraged to develop their artistic practice along lines similar to the ""atelier"" approach favored by European art schools.
Faculty has included painters Charles Cajori, Louis Finkelstein, Philip Guston, Rosemarie Beck, Alex Katz, Earl Kerkam, George McNeil, and Esteban Vicente; sculptors Peter Agostini, Sidney Geist, Ophrah Shemesh, Reuben Nakian, and George Spaventa. Nicolas Carone and Mercedes Matter focused on drawing instruction and Meyer Schapiro and Leo Steinberg taught art hi",null,null,루시 리우,null
Northwest College of Art & Design,Northwest College of Art & Design,예술대학,미국 · Poulsbo,1982,Q7060000,http://www.ncad.edu,https://en.wikipedia.org/wiki/Northwest_College_of_Art_%26_Design,,"Northwest College of Art & Design (NCAD) is a private for-profit college in Tacoma, Washington that focuses on the visual arts.  The college offer the Bachelor of Fine Arts degree.  Student enrollment is usually ""under 125"" in a given academic year. The college is accredited by the Accrediting Commission of Career Schools and Colleges.


== History ==
The school was established in 1982. Initially it was in Lemolo in Poulsbo. In 1991 the institution, then the Northwest College of Art, began leasing the former Mains Manor in Suquamish, and in 2000 Craig Freeman, the founder of the school, bought the property. The Suquamish tribe had purchased the former college building for $5.03 million on November 28, 2017, and made it into the current Chief Kitsap Building. The college, at that time, moved to Tacoma, having purchased a building there.


== References ==


== External links ==
Official website",null,null,,null
Otis College of Art and Design,Otis College of Art and Design,예술대학,미국 · 웨스트체스터,1918,Q7108771,http://www.otis.edu,https://en.wikipedia.org/wiki/Otis_College_of_Art_and_Design,,"Otis College of Art and Design is a private art and design school in Los Angeles, California, United States. Established in 1918, it was the city's first independent professional school of art. The main campus is located in the former IBM Aerospace headquarters at 9045 Lincoln Boulevard in Westchester, Los Angeles. The school's programs, accredited by the WSCUC and National Association of Schools of Art and Design, include BFA and MFA degrees.


== History ==

Otis, long considered one of the major art institutions in California, began in 1918, when Los Angeles Times founder Harrison Gray Otis bequeathed his Westlake, Los Angeles, property to start the first public, independent professional school of art in Southern California. However, Otis would not live to see the college's grand opening as he died the previous year in 1917. The current Otis College main campus (since spring 1997) is located in the Westchester area of Los Angeles, close to the Los Angeles International Airport. The main building (built in 1963) was designed by architect Eliot Noyes for IBM, and is famous for its computer ""punched card"" style windows.
The building was extensively remodeled in 1997 by the college ",null,null,"이디스 헤드, 킴 고든, 도로시 지킨스, Marisol Escobar",null
Pacific Northwest College of Art,Pacific Northwest College of Art,예술대학,미국 · 포틀랜드,1909,Q7122577,https://pnca.willamette.edu/,https://en.wikipedia.org/wiki/Pacific_Northwest_College_of_Art,http://commons.wikimedia.org/wiki/Special:FilePath/PNCA%20logo.jpg,"The Pacific Northwest College of Art (PNCA) is an art school of Willamette University and is located in Portland, Oregon. Established in 1909, the art school grants Bachelor of Fine Arts degrees and graduate degrees including the Master of Fine Arts (MFA) and Master of Arts (MA) degrees. It has an enrollment of about 500 students. The college merged with Willamette University in 2021.
The college has 10 Bachelor of Fine Arts majors and five graduate programs, a dual-degree MA/MFA option, and a Post-Baccalaureate program within the Hallie Ford School of Graduate Studies.


== History ==
Founded in 1909 as part of the Portland Art Museum, the school was originally known as the Museum Art School with Anna Belle Crocker serving as the head of the school; Kate Cameron Simmons was the first hired teacher. After the Pietro Belluschi designed home of the museum opened in 1932, the school moved into the upper floors of the building. In 1981, the school changed its name to Pacific Northwest College of Art in order to reflect its independence from the museum. The independence was solidified in April 1994 when the college formally split from the art museum and was incorporated as a legal entit",null,null,,null
Pennsylvania College of Art and Design,Pennsylvania College of Art and Design,예술대학,미국 · 펜실베이니아주,1982,Q7163689,http://www.pcad.edu,https://en.wikipedia.org/wiki/Pennsylvania_College_of_Art_and_Design,,"Pennsylvania College of Art & Design (PCA&D or PCAD) is a private art and design college located in Lancaster, Pennsylvania, United States. The college offers Bachelor of Fine Arts (BFA), Bachelor of Arts (BA), Associate of Fine Arts (AFA), and Associate of Arts (AA) degrees, as well as minors, certificate programs, and continuing education opportunities.


== History ==
PCA&D traces its origins to the former York Academy of Arts, which closed in 1982. That year, faculty and community members established the Pennsylvania School of the Arts (PSA) in Marietta, Pennsylvania, offering diploma programs in fine art, interior design, and communication arts.  
In 1984, PSA was accredited by the National Association of Schools of Art and Design (NASAD). The school moved to Lancaster in 1987, adopting the name Pennsylvania School of Art & Design (PSAD).  
In 1999, the Pennsylvania Department of Education authorized the institution to grant degrees, and in 2001 PSAD secured its permanent campus at 204 North Prince Street, Lancaster. In 2003, the school was granted final approval as a four-year college and renamed Pennsylvania College of Art & Design.


== Campus ==
The main campus is located ",null,null,,null
Pontifical Academy of Fine Arts and Letters of the Virtuosi al Pantheon,Pontifical Academy of Fine Arts and Letters of the Virtuosi al Pantheon,예술대학,바티칸 시국 · 로마,,Q610627,https://www.accademiavirtuosi.it/,https://en.wikipedia.org/wiki/Pontifical_Academy_of_Fine_Arts_and_Letters_of_the_Virtuosi_al_Pantheon,https://upload.wikimedia.org/wikipedia/commons/thumb/b/b7/Jakob_Alt_-_Das_Pantheon_und_die_Piazza_della_Rotonda_in_Rom_-_1836.jpg/500px-Jakob_Alt_-_Das_Pantheon_und_die_Piazza_della_Rotonda_in_Rom_-_1836.jpg?utm_source=en.wikipedia.org&utm_campaign=api&utm_content=thumbnail,"The Pontifical Academy of Fine Arts and Letters of the Virtuosi al Pantheon is one of the Pontifical Academies under the direction of the Holy See. The complete Italian name of the academy, Pontificia Insigne Accademia di Belle Arti e Letteratura dei Virtuosi al Pantheon, includes the adjective insigne (illustrious), often omitted in official English translations. The term Virtuosi al Pantheon (virtuosos of the Pantheon) is also usually left untranslated, but, in any event, should not be taken in the English musical sense of ""virtuoso"" but rather ""artists of great merit"". The Pantheon in Rome was the historical home of the academy. The term ""academy"" is meant in the Italian Renaissance definition of the term as an association of learned persons and not an institution of instruction.


== History ==
The academy was founded as the ""Congregation of Saint Joseph of the Holy Land"" in 1542 under the auspices of the Cistercian monk, Desiderio d'Adiutorio and was recognized by Pope Paul III on October 15, 1542. From its inception, the academy has counted among its members many important artists who have left their mark in Rome. Since the 17th century, exhibits have often taken place beneat",null,null,,null
Pratt Fine Arts Center,Pratt Fine Arts Center,예술대학,미국,1976,Q7238756,https://www.pratt.org/,https://en.wikipedia.org/wiki/Pratt_Fine_Arts_Center,https://upload.wikimedia.org/wikipedia/commons/thumb/2/21/Pratt_Art_Center_printmaking_02A.jpg/500px-Pratt_Art_Center_printmaking_02A.jpg?utm_source=en.wikipedia.org&utm_campaign=api&utm_content=thumbnail,"Pratt Fine Arts Center is a non-profit arts education and resource center in the Squire Park area of Seattle's Central District. The center employs 155 teaching artists and conducts more than 600 classes annually.
Pratt was founded in 1976 by the Seattle Department of Parks and Recreation and named in honor of slain civil rights leader Edwin T. Pratt. In 1982 it was turned over to a newly created 501(c)(3) non-profit, City Art Works. Since then, Pratt has grown into a nearly $3 million annual budget. With an average class size of 6.5 students, the school had 4,335 total class registrations in 2019.
Pratt includes facilities for glassblowing, lampworking, glass beadmaking, flameworked glass, metal sculpture, bronze casting, stone carving, jewelry and metalsmithing, woodworking, printmaking, painting and drawing. The Center has 14 studios across three buildings: the main building in Pratt Park (also named after Edwin Pratt) and two additional buildings in the block immediately south of the park. The latter two were originally part of the adjacent now empty Wonder Bread bakery.
Programs include adult and youth education (including free Saturday programs for youth), master artist inten",null,null,,null
Queensland College of Art and Design,Queensland College of Art and Design,예술대학,오스트레일리아 · 퀸즐랜드주,1881,Q7270919,,https://en.wikipedia.org/wiki/Queensland_College_of_Art_and_Design,,,null,null,트레이시 모팻,null
Ringling College of Art and Design,Ringling College of Art and Design,예술대학,미국 · 새러소타,1931,Q3936030,http://www.ringling.edu,https://en.wikipedia.org/wiki/Ringling_College_of_Art_and_Design,https://upload.wikimedia.org/wikipedia/commons/thumb/e/e6/RCAD_Logo_FullColor_2023_No_Background.png/500px-RCAD_Logo_FullColor_2023_No_Background.png?utm_source=en.wikipedia.org&utm_campaign=api&utm_content=thumbnail,"Ringling College of Art and Design (RCAD; stylized as Ringling College of Art + Design) is a private art and design school in Sarasota, Florida. It was founded by Ludd M. Spivey as an art school in 1931 as a remote branch of Southern College before their separation in 1933.


== History ==
The origins of the college go back to when the President of Southern College (now called Florida Southern College), Ludd M. Spivey, wanted to get the support of John Ringling for his institution. Spivey learned that Ringling did not have an interest in helping Southern College, was almost broke, and wanted to start his own art school on the grounds of his museum. The two discussed the idea of creating a new and independent art school before reaching the agreement that they would open a school in Sarasota as a branch of Florida Southern College.
The School of Fine and Applied Art of the John and Mable Ringling Art Museum was founded on March 31, 1931. It opened on October 2 with 75 registered students. The school, although an extension of Florida Southern, initially functioned as a junior college with business and arts classes. The college would end up breaking off from Southern College in 1933 af",null,null,"미셸 판, 브렛 이완, 제프 파울러",null
RMIT School of Art,RMIT School of Art,예술대학,오스트레일리아 · 빅토리아주,1917,Q7277014,https://www.rmit.edu.au/about/schools-colleges/art,https://en.wikipedia.org/wiki/RMIT_School_of_Art,,,null,null,,null
Rocky Mountain College of Art and Design,Rocky Mountain College of Art and Design,예술대학,미국 · 레이크우드,1963,Q7355881,http://www.rmcad.edu,https://en.wikipedia.org/wiki/Rocky_Mountain_College_of_Art_and_Design,https://upload.wikimedia.org/wikipedia/commons/3/3c/RMCAD_Night.jpg?utm_source=en.wikipedia.org&utm_campaign=api&utm_content=thumbnail_unscaled,"The Rocky Mountain College of Art + Design (RMCAD) is a private for-profit art school in Lakewood, Colorado.  The college was founded in 1963 by Philip J. Steele, an artist and teacher.


== History ==
RMCAD was established in January 1963 by Philip J. Steele, an artist and educator, who purchased the Art for All Studios school from Dorothea Seeley Shulenburg. Steele renamed the school ""Rocky Mountain School of Art"" as a proprietorship and later incorporated the school on September 11, 1972.
The college relocated several times as it increased enrollment. In 2003, the college moved from its three-building Denver location to its current in the suburb of Lakewood.
In 2010, Bill Heavener, Ed Haddock, and Jon Phelp who own Full Sail University purchased a controlling share of the college from the Steele family, and began an initiative to restructure the college and curriculum. In 2014, amidst a turnover of a significant number of key faculty, RMCAD rescheduled its in-person campus courses to align with the scheduling of online classes, and to cut costs moved most liberal arts courses online.


== Accreditation ==
RMCAD is accredited by the Higher Learning Commission (HLC) and the Nation",null,null,,null
Royal Academy of Arts of Liège,Royal Academy of Arts of Liège,예술대학,벨기에 · 리에주,1775,Q2822452,https://beauxartsdeliege.be,https://en.wikipedia.org/wiki/Acad%C3%A9mie_royale_des_beaux-arts_de_Li%C3%A8ge,,"The Académie royale des beaux-arts de Liège is the academy of fine arts of the Belgian city of Liège. The art academy was first established in 1775 by prince-bishop François-Charles de Velbrück, and was led initially by Guillaume Évrard and later by Léonard Defrance. The prince-bishop's academy was closed in the French period, and under the United Kingdom of the Netherlands the Royal Academy of Fine Arts in Antwerp was given a monopoly on certifying art teachers. In the wake of the Belgian Revolution, the city of Liège refounded an academy of fine arts in 1837, under the patronage of the Belgian crown. By 1890 there were 650 students enrolled, with another 400 studying at the École Saint-Luc, making Liège a significant centre of art education. In 1898 the alumni association started publishing the art journal L'Effort.
In 1976, a course on drawing comics was instituted in the evening section.
The academy was originally established in a former beguinage, the Hospice Saint-Abraham, but in 1895 moved to a purpose-built Renaissance Revival structure on Rue des Anglais, designed by Joseph Lousberg.


== References ==


== External links ==
https://www.academieroyaledesbeauxartsliege.be/",null,null,"Jacques Ochs, 귀스타브 세뤼에보비",null
Royal Academy of Fine Arts of Ghent,Royal Academy of Fine Arts of Ghent,예술대학,벨기에 · 헨트,1748,Q5546853,https://schoolofartsgent.be/,https://en.wikipedia.org/wiki/Royal_Academy_of_Fine_Arts_of_Ghent,,"The Royal Academy of Fine Arts of Ghent (Dutch: Koninklijke Academie voor Schone Kunsten van Gent, KASK) was founded in 1748, making it one of the oldest art schools in Belgium. It is a part of the Hogeschool Gent, a Belgian University college.


== History ==
The Academy was founded in 1748 as a school for drawing by the painter, Philippe Karel Marissal, at his home. During his studies in Paris, Marissal had become impressed by the Académie royale de peinture et de sculpture, and was inspired to create a similar establishment in his home city. The Academy was granted a royal charter in 1771 by the empress Maria Theresa of Austria.
In 1995, the Academy was one of the sixteen educational institutions that were merged into the Hogeschool Gent.


== Staff ==


== Alumni ==


== References ==


== External links ==

Official website",null,null,"Frits Van den Berghe, Constant Permeke, George Minne, Joseph Paelinck",null
Ruskin School of Drawing and Fine Art,Ruskin School of Drawing and Fine Art,예술대학,영국,1871,Q7761877,,https://en.wikipedia.org/wiki/Ruskin_School_of_Art,https://upload.wikimedia.org/wikipedia/commons/thumb/6/67/Oxford_HighSt_74.jpg/500px-Oxford_HighSt_74.jpg?utm_source=en.wikipedia.org&utm_campaign=api&utm_content=thumbnail,"The Ruskin School of Art (RSA) is the academic department for fine arts at the Humanities Division at the University of Oxford in Oxford, England, United Kingdom.


== History ==
The Ruskin School of Art grew out the Oxford School of Art, which was founded in 1865 and later became Oxford Brookes University. It was headed by Alexander Macdonald and housed in the University Galleries (subsequently the Ashmolean Museum of Art and Archaeology).
In 1869 John Ruskin was appointed Slade Professor of Fine Art at Oxford. Critical of the teaching methods at the Oxford School of Art, he set out to found the Ruskin School of Drawing in 1871 in the same, but restructured, premises. Macdonald was retained as its Head and became, therefore, the first Ruskin Master until his death in 1921.
The Slade School of Fine Art relocated to the Ruskin for the duration of the Second World War.
It was renamed Ruskin School of Drawing and Fine Art in 1945, and later Ruskin School of Art in 2014. Ruskin School of Art remained at the Ashmolean until 1975 when it moved to 74 High Street. In October 2015, the Ruskin opened a second Fine Art building in East Oxford, at 128 Bullingdon Road, on the site of a former w",null,null,"존 업다이크, 엠마 다시",null
Saar College of Fine Arts,Saar College of Fine Arts,예술대학,독일 · 자르브뤼켄,1989,Q1622149,http://www.hbksaar.de,https://en.wikipedia.org/wiki/Hochschule_der_Bildenden_K%C3%BCnste_Saar,http://commons.wikimedia.org/wiki/Special:FilePath/Logo%20hbk.svg,"The Hochschule der Bildenden Künste Saar or HBKsaar, (English: Saar College of Fine Arts) is an art and design university in the German State of Saarland.
The degree course offers a choice of different topics: Fine arts, communication design, media art & design and product design. There are also various master study programmes and teacher training programmes in art education.


== History ==
The Hochschule der Bildenden Künste Saar (HBKsaar) was formally established as an independent institution in 1989 through legislation enacted by the state of Saarland. Its foundation marked the continuation and restructuring of earlier art and design education in the region, particularly from the postwar Schule für Kunst und Handwerk, which had operated within the former Fachhochschule des Saarlandes since the 1970s.
The new institution was led by artist and educator Jo Enzweiler as its first rector. Under his leadership, HBKsaar adopted a project-oriented, interdisciplinary academic model that remains central to its curriculum. The university's main building, the Comeniushaus (named after John Amos Comenius), is located in central Saarbrücken. The baroque structure, originally constructed in t",null,null,,null
Sam Fox School of Design & Visual Arts,Sam Fox School of Design & Visual Arts,예술대학,미국 · 세인트루이스,2005,Q7407484,http://samfoxschool.wustl.edu/,https://en.wikipedia.org/wiki/Sam_Fox_School_of_Design_%26_Visual_Arts,,,null,null,,null
San Diego State University College of Professional Studies & Fine Arts,San Diego State University College of Professional Studies & Fine Arts,예술대학,미국 · 샌디에고,,Q7413733,http://psfa.sdsu.edu,https://en.wikipedia.org/wiki/San_Diego_State_University_College_of_Professional_Studies_%26_Fine_Arts,,"The College of Professional Studies and Fine Arts (PSFA) is an academic college of San Diego State University (SDSU) in San Diego, California.


== Academics ==


=== Departments ===
The College of Professional Studies and Fine Arts includes several academic departments:

Aerospace Studies (AFROTC)
Art and Design
City Planning
Child & Family Development
Communication
Criminal Justice
Exercise & Nutritional Sciences
The L. Robert Payne School of Hospitality and Tourism Management
International Security and Conflict Resolution
Journalism & Media Studies (JMS)
Military Science (ROTC)
Music & Dance
Naval Science (NROTC)
Public Administration & Urban Studies
Recreation, Parks and Tourism
Theatre, Television and Film


=== Special programs ===


==== Institutes/Research Centers ====
Berman Institute for Effective Communication
Institute for Built Environment and Comparative Urban Research (BECUR)
Center for Hospitality and Tourism Research
International Center for Communications
Institute for International Security and Conflict Resolution (ISCOR)
Institute for Leisure Behavior
Institute for Meetings and Events
Institute of Public and Urban Affairs
Institute for Surf Research
Center for V",null,null,,null
San Francisco Art Institute,San Francisco Art Institute,예술대학,미국 · 샌프란시스코,1871,Q586735,https://sfai.edu/,https://en.wikipedia.org/wiki/San_Francisco_Art_Institute,https://upload.wikimedia.org/wikipedia/commons/thumb/f/ff/SFAI.jpg/500px-SFAI.jpg?utm_source=en.wikipedia.org&utm_campaign=api&utm_content=thumbnail,"San Francisco Art Institute (SFAI) (1871–2022), was a private college of contemporary art in San Francisco, California. Founded in 1871, SFAI was one of the oldest art schools in the United States and the oldest west of the Mississippi River. Approximately 220 undergraduates and 112 graduate students were enrolled in 2021. The institution was accredited by the Western Association of Schools and Colleges (WASC) and the National Association of Schools of Art and Design (NASAD), and was a member of the Association of Independent Colleges of Art and Design (AICAD). The school closed permanently in July 2022.


== History ==


=== 19th century ===

The San Francisco Art Institute originated in 1871 as the San Francisco Art Association (SFAA). Founded by a select group of artists, writers, and community leaders, most notably, led by Virgil Macey Williams, the first president Juan B. Wandesforde, with B.P. Avery, Edward Bosqui, Thomas Hill, and S.W. Shaw, the association sought to promote California art and artists. Their objective was to establish a school and museum to advance and preserve what they identified as a new and distinct artistic tradition, shaped by the cultural isolation an",null,null,"스탠 브래키지, 캐스린 비글로, Anne Bremer, Luis Mandoki",null
Savannah College of Art and Design,Savannah College of Art and Design,예술대학,미국 · 서배너,1978,Q1020699,https://www.scad.edu/,https://en.wikipedia.org/wiki/Savannah_College_of_Art_and_Design,https://upload.wikimedia.org/wikipedia/commons/a/ad/Scad_college_art_design_logo.png?utm_source=en.wikipedia.org&utm_campaign=api&utm_content=thumbnail_unscaled,"Savannah College of Art and Design (SCAD) is a private art school with locations in Savannah and Atlanta, Georgia, United States, and Lacoste, France. It was founded in 1978 to provide degrees in programs not then offered in the Southeast United States and to create a specialized professional art college to attract students from throughout the United States and abroad. The university enrolls more than 17,000 students from across the United States and around the world with international students comprising up to 25.4 percent of the student population. SCAD is accredited by the Southern Association of Colleges and Schools Commission on Colleges and other professional accrediting bodies.


== History ==
Richard G. Rowan, Paula S. Wallace, May L. Poetter and Paul E. Poetter legally incorporated the Savannah College of Art and Design September 29, 1978. In September 1979, the university first began offering classes with four staff members, seven faculty members, and 71 students. Initially, the school offered eight majors: ceramics, graphic design, historic preservation, textile design, interior design, painting, photography, and printmaking. In May 1981, the first graduate received a de",null,null,"인디아 아리, Leila Djansi, Bob Bland, 케일리 카터",null
School of Arts and Literature of Islamic Republic of Iran Broadcasting,School of Arts and Literature of Islamic Republic of Iran Broadcasting,예술대학,이란 · 테헤란,1969,Q5951518,http://musicschool.irib.ir,,,,null,null,,null
"School of Digital Art, of Animation, and of Design at University of Quebec at Chicoutimi","School of Digital Art, of Animation, and of Design at University of Quebec at Chicoutimi",예술대학,캐나다 · 몬트리올,1992,Q2945896,http://nad.ca/,https://en.wikipedia.org/wiki/School_NAD-UQAC,http://commons.wikimedia.org/wiki/Special:FilePath/CentreNAD%20Couleur255x179.png,"The School of Digital Arts, Animation and Design at the University of Quebec at Chicoutimi (École des arts numériques, de l'animation et du design de l'Université du Québec à Chicoutimi, often referred to as École NAD or École NAD-UQAC) is a university campus in Montreal, Canada, offering academic programs and research in 3D animation, visual effects, design and digital arts.
For over 25 years, École NAD educated thousands of 3D animators working for reputable companies around the world in different industries (or various sectors): film, television and video games. As one of the oldest 3D animation and VFX schools in the Quebec province, it has trained over 2000 students worldwide in the past two decades.


== The School ==
Founded in 1992 by Cégep de Jonquière, the school was formerly called Centre national d'animation et de design (or Centre NAD) and originally a private institution giving college training in 3D computer graphics. This center notably developed the first course content authorized by Softimage.
Since 2008, it has become a campus of the University of Quebec in Chicoutimi (UQAC) and was renamed École NAD-UQAC. It has since then offered public undergraduate and gradua",null,null,,null
School of Fine Arts in Warsaw,School of Fine Arts in Warsaw,예술대학,러시아 제국 · 바르샤바,1844,Q2251025,,,,,null,null,"조피아 코사크슈추츠카, Franciszka Themerson, Tadeusz Pruszkowski, 유제프 찹스키",null
School of the Museum of Fine Arts,School of the Museum of Fine Arts,예술대학,미국 · 보스턴,1876,Q1298529,http://www.smfa.edu,https://en.wikipedia.org/wiki/School_of_the_Museum_of_Fine_Arts_at_Tufts,http://commons.wikimedia.org/wiki/Special:FilePath/Tufts%20School%20of%20the%20Museum%20of%20Fine%20Arts%20logo.png,"The School of the Museum of Fine Arts at Tufts University (Museum School, SMFA at Tufts, or SMFA; formerly the School of the Museum of Fine Arts, Boston) is a dedicated art school within Tufts University, a private research university in Massachusetts. SMFA is part of Tufts University's largest school, the School of Arts and Sciences, and offers both undergraduate and graduate degrees that combine studio arts training with interdisciplinary liberal arts and science education.
It is affiliated with the Museum of Fine Arts, Boston. SMFA is a member of the Association of Independent Colleges of Art and Design (AICAD), a consortium of several dozen leading art schools in the United States, and is accredited by the New England Commission of Higher Education (NECHE).


== History ==
 
The School was founded in 1876 under the name School of the Museum of Fine Arts, Boston (SMFA). From 1876 to 1909, the School was housed in the basement of the original Museum building in Copley Square. When the MFA Boston moved to Huntington Avenue in 1909, the School moved into a separate, temporary structure to the west of the museum's main building. The permanent building, designed by Guy Lowell, was co",null,null,"데이비드 린치, Peter Wolf, Al Capp, 사이 톰블리",null
Sichuan Fine Arts Institute,Sichuan Fine Arts Institute,예술대학,중화인민공화국,1940,Q1622158,http://www.scfai.edu.cn/english/,https://en.wikipedia.org/wiki/Sichuan_Fine_Arts_Institute,,"Sichuan Fine Arts Institute (SFAI) (simplified Chinese: 四川美术学院; traditional Chinese: 四川美術學院; pinyin: Sìchuān měishù xuéyuàn) is a public fine arts university established in 1940 in the southwest City of Chongqing, China. It is one of the art academies in China and the only one in southwest China.


== History and reputation ==
Sichuan Fine Arts Institute has a history in the creation of art and research. Artwork has been created by the teachers at SFAI.
In the 1950s and 1960s, the institute was symbolized by handcraft arts. In the 1970s, it was sculpture, especially the most famous group statues, the ""Rent Collecting Courtyard"". In the 1980s, it was oil painting, such as SFAI's president Luo Zhongli's masterpiece ""My Father"", etc.
The institute enjoys prestige domestically and internationally. The artwork has contributed to contemporary Chinese art. Since the 1990s, many teachers and students have won national and international awards. Artists from SFAI have exhibited their art internationally.
SFAI has been establishing cultural exchange relations with more and more foreign art institutes, delegations, and artists, dispatching students to study abroad and receiving foreign student",null,null,장샤오강,null
Sir Jamsetjee Jeejebhoy School of Art,Sir Jamsetjee Jeejebhoy School of Art,예술대학,인도 · 뭄바이,1857,Q7527516,https://www.sirjjschoolofart.in/,https://en.wikipedia.org/wiki/Sir_J._J._School_of_Art,https://upload.wikimedia.org/wikipedia/commons/thumb/f/fd/Building_of_Sir_J._J._School_of_Art%2C_Mumbai.jpg/500px-Building_of_Sir_J._J._School_of_Art%2C_Mumbai.jpg?utm_source=en.wikipedia.org&utm_campaign=api&utm_content=thumbnail,"The Sir Jamsetjee Jeejeebhoy School of Art (Sir J. J. School of Art) is the oldest art institution in Mumbai, India, and is deemed to be a university. The school grants bachelor's (B.F.A) degrees in Painting, ceramic, Metal work, Interior decoration, Textile design and Sculpture as well as master's degrees (M.F.A.) in Portraiture, Creative Painting, Murals, Sculpture, and Printmaking.


== History ==


=== Early history ===

The School founded in March 1857, was named after Sir Jamsetjee Jeejebhoy, a businessman and philanthropist who donated Rs. 100,000 for its endowment. Operations were managed by a committee headed by the Chief Justice of Bombay. The School's first class was in drawing, and began on 2 March 1857. Classes were held at the Elphinstone Institution. John Griffiths became Principal of the School in 1865. He later became famous for copying the murals in the Ajanta Caves temple complex, a project which lasted from 1872 to 1891, and which the School's students assisted in.
In 1866, management of the school was taken over by the Government of India. Also in 1866, Lockwood Kipling, who had become a professor of the School in 1865, established three ateliers for (i) Decora",null,null,"Balkrishna Doshi, Dadasaheb Phalke, Bhanu Athaiya, M. F. Husain",null
Skowhegan School of Painting and Sculpture,Skowhegan School of Painting and Sculpture,예술대학,미국 · Madison,1947,Q7536511,,https://en.wikipedia.org/wiki/Skowhegan_School_of_Painting_and_Sculpture,,"The Skowhegan School of Painting and Sculpture is an artists residency located in Madison, Maine, United States. Every year, the program accepts online applications from emerging artists from November through January, and selects 65 to participate in the nine-week intensive summer program. Admissions decisions are announced in April. The school provides participants with housing, food, and studio space, and the campus offers a library, media lab, and sculpture shop, among other amenities. The tuition for the program is $6,000, however, aid is available. 
While on campus, the participants interact with five or six resident faculty artists for the duration of the program, as well as five to seven visiting faculty artists, both of whom are selected by Skowhegan’s Board of Governors. Participants are not allowed to bring family or friends with them to Skowhegan, nor are visitors allowed on campus. Lectures by faculty artists, which are generally held on Fridays, are open to the public.


== History ==
During World War II, New England portrait painter Willard Warren Cummings was stationed in Alaska in the War Art Unit. There, he shared his idea for an educational model “where young arti",null,null,"Alex Katz, 히로 가나가와, Candida Alvarez",null
Slade School of Fine Art,Slade School of Fine Art,예술대학,영국 · 런던,1871,Q1399299,http://www.ucl.ac.uk/slade/,https://en.wikipedia.org/wiki/Slade_School_of_Fine_Art,https://upload.wikimedia.org/wikipedia/commons/thumb/d/da/Slade_School_of_Fine_Art_%2816694041931%29.jpg/500px-Slade_School_of_Fine_Art_%2816694041931%29.jpg?utm_source=en.wikipedia.org&utm_campaign=api&utm_content=thumbnail,"The UCL Slade School of Fine Art (informally The Slade) is the art school of University College London (UCL) and is based in London, England. It has been ranked as the UK's top art and design educational institution. The school is organised as a department of UCL's Faculty of Arts and Humanities.


== History ==

The school was founded in University College on 2 October 1871 following an endowment from the will of the lawyer and philanthropist Felix Slade (1788–1868) who bequeathed £35,000 to establish three Chairs in Fine Art, to be based at Oxford University, Cambridge University and University College London. An additional six scholarships of £50 per annum were endowed to University College. The college itself provided £5000 to build the Slade School as part of the college quadrangle in Gower Street, premises which the School still occupies today.
Distinguished past teachers include Henry Tonks, Wilson Steer, Randolph Schwabe, William Coldstream, Andrew Forge, Lucian Freud, John Hilliard, Bruce McLean, Alfred Gerrard and Phyllida Barlow. Edward Allington was Professor of Fine Art and Head of Graduate Sculpture until his death in 2017.
Two of its most important periods were immed",null,null,"장 포트리에, 존 러셀, Martin Creed, Augustus John",null
South-East Essex Technical College and School of Art,South-East Essex Technical College and School of Art,예술대학,영국,,Q7565272,,https://en.wikipedia.org/wiki/South-East_Essex_Technical_College_and_School_of_Art,,"The South-East Essex Technical University and School of Art (aka Dagenham School of Art) was a technical college and school of art based in Longbridge Road, Dagenham, a suburb in east London, formerly in Essex, England.


== History ==
The Becontree estate was the largest public housing project in the world when it was completed in the mid-1930s. Recognising the need for education but with no responsibility to provide it, the London County Council transferred 24 acres on the western edge of the estate to Essex County Council, who built a technical college (the South East Essex Technical College) and a secondary school (South East Essex County Technical High School) on the site. The college opened in 1936, in a building designed by J. Stuart.
During World War II, the college was requisitioned by the UK military and used for training. The site's secondary school was relocated to Somerset during this period. The school returned to its original location after the war, but in 1960 it moved to Cannington Road and was renamed the South East Essex Technical High School. The technical college was renamed Barking Regional College of Technology in 1965, following the creation of the London Bo",null,null,,null
"Srishti Manipal Institute of Art, Design and Technology","Srishti Manipal Institute of Art, Design and Technology",예술대학,인도 · 벵갈루루,1996,Q7586524,http://srishti.ac.in,"https://en.wikipedia.org/wiki/Srishti_Manipal_Institute_of_Art,_Design_and_Technology",,"The Srishti Manipal Institute of Art, Design and Technology, (formerly Srishti School of Art, Design and Technology), is a multi-disciplinary design school established in 1996 by Geetha Narayanan in Bangalore, India. It offers courses in digital video production, film, visual communication, experimental media arts, design in education, textile design, animation and visual effects, interaction design, product and interface design, and business systems and design.


== Approach ==
Srishti has a number of centres and labs that offer practice- and research-based environments for students and faculty from a multitude of disciplines.


== Notable projects ==
Blank Noise
The JALDI Innovation Lab, Vidhi, in collaboration with Srishti, put together a report that addresses infrastructural and accessibility issues in courts and tribunals.


== Notable faculty ==
Mamta Sagar
Nina Sabnani
Shai Heredia
Yashas Shetty


== Notable alumni ==
Jasmeen Patheja
Shilo Shiv Suleman


== References ==


== External links ==
Official website
Re-imagining consumer forums – Full report",null,null,,null
Stanford Joint Program in Design,Stanford Joint Program in Design,예술대학,미국,1958,Q7598761,,https://en.wikipedia.org/wiki/Stanford_Joint_Program_in_Design,,"The Joint Program in Design (also called the Graduate Design Program or simply the Design Program) was a graduate program jointly offered by the Department of Mechanical Engineering and the Department of Art & Art History at Stanford University. It was discontinued with the last cohort of students graduating in Spring 2017 and is succeeded by the Stanford Design Impact Engineering Master's Degree. The program offered degrees in Mechanical Engineering and in Fine Arts/Design and was closely connected with the Stanford d.school (The d.school is not one of the seven schools at Stanford and does not grant degrees).
The program was founded in 1958, and had three full-time faculty. It maintained close links with the design and technology firms of nearby Silicon Valley.


== History ==

Stanford's Design program dates from 1958 when Professor John E. Arnold, formerly of the Massachusetts Institute of Technology, first proposed the idea that design engineering should be human-centered. This was a radical concept in the era of Sputnik and the early Cold War. Building on Arnold's work, Bob McKim (Emeritus, Engineering) along with Matt Kahn (Art), created the Product Design major and the grad",null,null,,null
State Ballet School and School of Artistry,State Ballet School and School of Artistry,예술대학,독일 · 베를린,1951,Q2324306,http://www.ballettschule-berlin.de,,,,null,null,,null
"Surrey Institute of Art & Design, University College","Surrey Institute of Art & Design, University College",예술대학,영국,1994,Q7646822,,"https://en.wikipedia.org/wiki/Surrey_Institute_of_Art_%26_Design,_University_College",,"Surrey Institute of Art & Design, University College (SIAD) was an art college in the United Kingdom from 1994 to 2005. It was formed from the merger of West Surrey College of Art and Design (1969–1995) and Epsom School of Art and Design (1893–1995). It merged with the Kent Institute of Art & Design on 1 August 2005 to form the University College for the Creative Arts at Canterbury, Epsom, Farnham and Rochester, now the University for the Creative Arts.


== Evolution ==
The Farnham School of Art was founded in 1866. The Guildford School of Art followed in 1870. The two conjoined to become the West Surrey College of Art and Design in 1969. Epsom School of Art and Design was founded in 1893 as Epsom and Ewell Technical Institute and School of Art which later split into a separate Technical Institute and art school sometime before World War II. A new purpose built site was opened in Heathcote Road on Thursday 26 April 1973.
In 1994 there was a merger between and the West Surrey College of Art and Design and Epsom School of Art and Design, with the combined institution renamed the Surrey Institute of Art & Design a year later. These two former colleges formed the basis for the two mai",null,null,"지미 페이지, 시리아크 해리스, Keith Devlin, 미하엘 뒤독 더빗",null
Texas Tech University College of Arts & Sciences,Texas Tech University College of Arts & Sciences,예술대학,미국 · 러벅,1925,Q606026,http://www.as.ttu.edu/,https://en.wikipedia.org/wiki/Texas_Tech_University_College_of_Arts_%26_Sciences,,"The Texas Tech University College of Arts & Sciences was founded in 1925 as one of Texas Tech University's four original colleges. With 16 departments, the college offers a wide variety of courses and programs in the humanities, social and behavioral sciences, mathematics and natural sciences. Students can choose from 41 bachelor's degree programs, 33 master's degrees and 14 doctoral programs. With over 10,000 students (8,500 undergraduate and 1,200 graduate) enrolled, the College of Arts & Sciences is the largest college on the Texas Tech University campus.


== Academic departments ==


== Research centers ==


== Notable people ==


=== Alumni ===


=== Faculty ===


== Gallery ==


== References ==


== External links ==
Official website",null,null,,null
The Art Center Design College,The Art Center Design College,예술대학,미국 · 투손,1983,Q7714345,http://www.suva.edu,https://en.wikipedia.org/wiki/Southwest_University_of_Visual_Arts,,"Southwest University of Visual Arts (SUVA) was a private art school in Tucson, Arizona, with a branch in Albuquerque, New Mexico.
Founded in 1983, SUVA was formerly known as The Art Center Design College, but changed its name in 2011. It was accredited by the North Central Association of Colleges and Schools.
Southwest University of Visual Arts officially closed on November 30, 2020, and ceased operations on December 18, 2020. It resigned its accreditation status effective December 23, 2020.


== References ==",null,null,,null
The Art Institute of Atlanta – Decatur,The Art Institute of Atlanta – Decatur,예술대학,,,Q7714357,,https://en.wikipedia.org/wiki/The_Art_Institute_of_Atlanta_%E2%80%93_Decatur,,"The Art Institutes (AI) were a private for-profit system of art schools in the United States.
The Art Institutes offered programs at the certificate, associate's, bachelors, and master's levels. Areas of study included graphic design, media arts and animation, culinary arts, photography, digital filmmaking, interior design, audio production, fashion design, and game art and design. By 2012, there were 50 campuses with roughly 80,000 enrolled students. Long owned by Education Management Corporation (EDMC), the Art Institutes were sold in 2017 to the Dream Center Foundation, a Los Angeles–based Pentecostal organization. From 2019 to 2023, the Art Institutes were owned by the Education Principle Foundation (formerly known as Colbeck Foundation), a non-profit that also owned South University. In 2022, South University separated from the Education Principle Foundation and, by extension, the Art Institutes.
The Art Institutes faced accreditation and legal issues, and student loan debtors have appealed to the US Department of Education for debt cancellation through defense to repayment claims. These efforts are premised on allegations they were defrauded. The student debt group ""I Am Ai"" ",null,null,,null
The Art Institute of Austin,The Art Institute of Austin,예술대학,미국 · 오스틴,,Q7714359,http://www.artinstitutes.edu/austin/,https://en.wikipedia.org/wiki/The_Art_Institute_of_Austin,,"The Art Institutes (AI) were a private for-profit system of art schools in the United States.
The Art Institutes offered programs at the certificate, associate's, bachelors, and master's levels. Areas of study included graphic design, media arts and animation, culinary arts, photography, digital filmmaking, interior design, audio production, fashion design, and game art and design. By 2012, there were 50 campuses with roughly 80,000 enrolled students. Long owned by Education Management Corporation (EDMC), the Art Institutes were sold in 2017 to the Dream Center Foundation, a Los Angeles–based Pentecostal organization. From 2019 to 2023, the Art Institutes were owned by the Education Principle Foundation (formerly known as Colbeck Foundation), a non-profit that also owned South University. In 2022, South University separated from the Education Principle Foundation and, by extension, the Art Institutes.
The Art Institutes faced accreditation and legal issues, and student loan debtors have appealed to the US Department of Education for debt cancellation through defense to repayment claims. These efforts are premised on allegations they were defrauded. The student debt group ""I Am Ai"" ",null,null,,null
The Art Institute of California – Hollywood,The Art Institute of California – Hollywood,예술대학,미국 · 캘리포니아주,1991,Q7714360,http://www.aicdc.artinstitutes.edu,https://en.wikipedia.org/wiki/The_Art_Institute_of_California_%E2%80%93_Hollywood,,"The Art Institutes (AI) were a private for-profit system of art schools in the United States.
The Art Institutes offered programs at the certificate, associate's, bachelors, and master's levels. Areas of study included graphic design, media arts and animation, culinary arts, photography, digital filmmaking, interior design, audio production, fashion design, and game art and design. By 2012, there were 50 campuses with roughly 80,000 enrolled students. Long owned by Education Management Corporation (EDMC), the Art Institutes were sold in 2017 to the Dream Center Foundation, a Los Angeles–based Pentecostal organization. From 2019 to 2023, the Art Institutes were owned by the Education Principle Foundation (formerly known as Colbeck Foundation), a non-profit that also owned South University. In 2022, South University separated from the Education Principle Foundation and, by extension, the Art Institutes.
The Art Institutes faced accreditation and legal issues, and student loan debtors have appealed to the US Department of Education for debt cancellation through defense to repayment claims. These efforts are premised on allegations they were defrauded. The student debt group ""I Am Ai"" ",null,null,,null
The Art Institute of California – Inland Empire,The Art Institute of California – Inland Empire,예술대학,미국,,Q7714362,http://www.artinstitutes.edu/inlandempire,https://en.wikipedia.org/wiki/The_Art_Institute_of_California_%E2%80%93_Inland_Empire,,"The Art Institutes (AI) were a private for-profit system of art schools in the United States.
The Art Institutes offered programs at the certificate, associate's, bachelors, and master's levels. Areas of study included graphic design, media arts and animation, culinary arts, photography, digital filmmaking, interior design, audio production, fashion design, and game art and design. By 2012, there were 50 campuses with roughly 80,000 enrolled students. Long owned by Education Management Corporation (EDMC), the Art Institutes were sold in 2017 to the Dream Center Foundation, a Los Angeles–based Pentecostal organization. From 2019 to 2023, the Art Institutes were owned by the Education Principle Foundation (formerly known as Colbeck Foundation), a non-profit that also owned South University. In 2022, South University separated from the Education Principle Foundation and, by extension, the Art Institutes.
The Art Institutes faced accreditation and legal issues, and student loan debtors have appealed to the US Department of Education for debt cancellation through defense to repayment claims. These efforts are premised on allegations they were defrauded. The student debt group ""I Am Ai"" ",null,null,,null
The Art Institute of California – Los Angeles,The Art Institute of California – Los Angeles,예술대학,미국,1997,Q7714363,http://www.artinstitutes.edu/los-angeles/,https://en.wikipedia.org/wiki/The_Art_Institute_of_California_%E2%80%93_Los_Angeles,,"The Art Institutes (AI) were a private for-profit system of art schools in the United States.
The Art Institutes offered programs at the certificate, associate's, bachelors, and master's levels. Areas of study included graphic design, media arts and animation, culinary arts, photography, digital filmmaking, interior design, audio production, fashion design, and game art and design. By 2012, there were 50 campuses with roughly 80,000 enrolled students. Long owned by Education Management Corporation (EDMC), the Art Institutes were sold in 2017 to the Dream Center Foundation, a Los Angeles–based Pentecostal organization. From 2019 to 2023, the Art Institutes were owned by the Education Principle Foundation (formerly known as Colbeck Foundation), a non-profit that also owned South University. In 2022, South University separated from the Education Principle Foundation and, by extension, the Art Institutes.
The Art Institutes faced accreditation and legal issues, and student loan debtors have appealed to the US Department of Education for debt cancellation through defense to repayment claims. These efforts are premised on allegations they were defrauded. The student debt group ""I Am Ai"" ",null,null,,null
The Art Institute of California – Sacramento,The Art Institute of California – Sacramento,예술대학,미국 · 캘리포니아주,2007,Q7714365,http://www.artinstitutes.edu/sacramento/,https://en.wikipedia.org/wiki/The_Art_Institute_of_California_%E2%80%93_Sacramento,,"The Art Institutes (AI) were a private for-profit system of art schools in the United States.
The Art Institutes offered programs at the certificate, associate's, bachelors, and master's levels. Areas of study included graphic design, media arts and animation, culinary arts, photography, digital filmmaking, interior design, audio production, fashion design, and game art and design. By 2012, there were 50 campuses with roughly 80,000 enrolled students. Long owned by Education Management Corporation (EDMC), the Art Institutes were sold in 2017 to the Dream Center Foundation, a Los Angeles–based Pentecostal organization. From 2019 to 2023, the Art Institutes were owned by the Education Principle Foundation (formerly known as Colbeck Foundation), a non-profit that also owned South University. In 2022, South University separated from the Education Principle Foundation and, by extension, the Art Institutes.
The Art Institutes faced accreditation and legal issues, and student loan debtors have appealed to the US Department of Education for debt cancellation through defense to repayment claims. These efforts are premised on allegations they were defrauded. The student debt group ""I Am Ai"" ",null,null,,null
The Art Institute of California – San Diego,The Art Institute of California – San Diego,예술대학,미국 · 캘리포니아주,1981,Q7714366,http://www.artinstitutes.edu/san-diego/,https://en.wikipedia.org/wiki/Art_Institute_of_California_%E2%80%93_San_Diego,https://upload.wikimedia.org/wikipedia/commons/e/e9/AiSd.png?utm_source=en.wikipedia.org&utm_campaign=api&utm_content=thumbnail_unscaled,"The Art Institute of California – San Diego was a for-profit art school in San Diego, California. It was briefly operated as a non-profit institution before it closed in 2019. The school was one of a number of Art Institutes, a franchise of for-profit art colleges with many branches in North America, owned and operated by Education Management Corporation. EDMC owned the college from 2000 until 2017, when, facing significant financial problems and declining enrollment, the company sold the Art Institute of California – San Diego, along with 30 other Art Institute schools, to Dream Center Education, a Los Angeles–based Pentecostal organization. Dream Center permanently closed the San Diego campus location on March 8, 2019.


== References ==


== External links ==
ArtInstitutes.Edu Closed School Information Page
Art Institutes and Other Former For-Profit Institutions Closing",null,null,,null
The Art Institute of California – San Francisco,The Art Institute of California – San Francisco,예술대학,미국 · 캘리포니아주,1997,Q7714367,http://www.artinstitutes.edu/san-francisco/,https://en.wikipedia.org/wiki/The_Art_Institute_of_California_%E2%80%93_San_Francisco,,"The Art Institutes (AI) were a private for-profit system of art schools in the United States.
The Art Institutes offered programs at the certificate, associate's, bachelors, and master's levels. Areas of study included graphic design, media arts and animation, culinary arts, photography, digital filmmaking, interior design, audio production, fashion design, and game art and design. By 2012, there were 50 campuses with roughly 80,000 enrolled students. Long owned by Education Management Corporation (EDMC), the Art Institutes were sold in 2017 to the Dream Center Foundation, a Los Angeles–based Pentecostal organization. From 2019 to 2023, the Art Institutes were owned by the Education Principle Foundation (formerly known as Colbeck Foundation), a non-profit that also owned South University. In 2022, South University separated from the Education Principle Foundation and, by extension, the Art Institutes.
The Art Institutes faced accreditation and legal issues, and student loan debtors have appealed to the US Department of Education for debt cancellation through defense to repayment claims. These efforts are premised on allegations they were defrauded. The student debt group ""I Am Ai"" ",null,null,,null
The Art Institute of California – Sunnyvale,The Art Institute of California – Sunnyvale,예술대학,미국 · 캘리포니아주,,Q7714369,http://www.artinstitutes.edu/silicon-valley/,https://en.wikipedia.org/wiki/The_Art_Institute_of_California_%E2%80%93_Sunnyvale,,"The Art Institutes (AI) were a private for-profit system of art schools in the United States.
The Art Institutes offered programs at the certificate, associate's, bachelors, and master's levels. Areas of study included graphic design, media arts and animation, culinary arts, photography, digital filmmaking, interior design, audio production, fashion design, and game art and design. By 2012, there were 50 campuses with roughly 80,000 enrolled students. Long owned by Education Management Corporation (EDMC), the Art Institutes were sold in 2017 to the Dream Center Foundation, a Los Angeles–based Pentecostal organization. From 2019 to 2023, the Art Institutes were owned by the Education Principle Foundation (formerly known as Colbeck Foundation), a non-profit that also owned South University. In 2022, South University separated from the Education Principle Foundation and, by extension, the Art Institutes.
The Art Institutes faced accreditation and legal issues, and student loan debtors have appealed to the US Department of Education for debt cancellation through defense to repayment claims. These efforts are premised on allegations they were defrauded. The student debt group ""I Am Ai"" ",null,null,,null
The Art Institute of Charleston,The Art Institute of Charleston,예술대학,미국 · 찰스턴,,Q7714370,http://www.artinstitutes.edu/charleston,https://en.wikipedia.org/wiki/The_Art_Institute_of_Charleston,,"The Art Institutes (AI) were a private for-profit system of art schools in the United States.
The Art Institutes offered programs at the certificate, associate's, bachelors, and master's levels. Areas of study included graphic design, media arts and animation, culinary arts, photography, digital filmmaking, interior design, audio production, fashion design, and game art and design. By 2012, there were 50 campuses with roughly 80,000 enrolled students. Long owned by Education Management Corporation (EDMC), the Art Institutes were sold in 2017 to the Dream Center Foundation, a Los Angeles–based Pentecostal organization. From 2019 to 2023, the Art Institutes were owned by the Education Principle Foundation (formerly known as Colbeck Foundation), a non-profit that also owned South University. In 2022, South University separated from the Education Principle Foundation and, by extension, the Art Institutes.
The Art Institutes faced accreditation and legal issues, and student loan debtors have appealed to the US Department of Education for debt cancellation through defense to repayment claims. These efforts are premised on allegations they were defrauded. The student debt group ""I Am Ai"" ",null,null,,null
The Art Institute of Charlotte,The Art Institute of Charlotte,예술대학,미국 · 노스캐롤라이나주,1973,Q7714371,http://www.artinstitutes.edu/charlotte,https://en.wikipedia.org/wiki/Art_Institute_of_Charlotte,,"The Art Institute of Charlotte was a for-profit art school in Charlotte, North Carolina.  It was briefly operated as a non-profit institution before it closed in 2018. The school was one of a number of Art Institutes, a franchise of for-profit art colleges with many branches in North America, owned and operated by Education Management Corporation. EDMC owned the college from 1999 until 2017, when, facing significant financial problems and declining enrollment, the company sold the Art Institute of Charlotte, along with 30 other Art Institute schools, to Dream Center Education, a Los Angeles-based Pentecostal organization. Dream Center permanently closed 18 Art Institute schools, including the Art Institute of Charlotte, at the end of 2018.


== History ==
Founded in 1973 as the American Business & Fashion Institute, the college joined The Art Institutes system of schools in 1999 and changed its name to The Art Institute of Charlotte. The Art Institute of Charlotte was located at 2110 Water Ridge Parkway in Charlotte, North Carolina and is accredited by The Southern Association of Colleges and Schools Commission on Colleges (SACSCOC).
On December 28, 2018, the Art Institute of Charl",null,null,,null
The Art Institute of Cincinnati,The Art Institute of Cincinnati,예술대학,미국 · 오하이오주,1976,Q7714373,http://www.aic-arts.edu,https://en.wikipedia.org/wiki/The_Art_Institute_of_Cincinnati,,"The Art Institute of Cincinnati, also known as AIC College of Design, was a private for-profit art school in Cincinnati, Ohio. It was accredited by the Accrediting Commission of Career Schools & Colleges of Technology (ACCSCT).   It was founded as the ACA or the Academy of Creative Arts, and it offered an associate degree of Graphic Design and a three-year bachelor's degree of Graphic Design. The institution closed in 2019.


== External links ==
Official website",null,null,,null
The Art Institute of Colorado,The Art Institute of Colorado,예술대학,미국 · 덴버,1952,Q7714374,http://www.artinstitutes.edu/denver/,https://en.wikipedia.org/wiki/Art_Institute_of_Colorado,https://upload.wikimedia.org/wikipedia/commons/thumb/5/59/Art_Institute_of_Colorado_%2838218527295%29.jpg/500px-Art_Institute_of_Colorado_%2838218527295%29.jpg?utm_source=en.wikipedia.org&utm_campaign=api&utm_content=thumbnail,"The Art Institute of Colorado was a for-profit art and culinary school in Denver, Colorado, United States. It briefly operated as a non-profit institution before it closed in 2018. The school was one of a number of Art Institutes, a franchise of for-profit art colleges with many branches in North America, owned and operated by Education Management Corporation. EDMC owned the college from 1975 until 2017, when, facing significant financial problems and declining enrollment, the company sold the Art Institute of Colorado, along with 30 other Art Institute schools, to Dream Center Education, a Los Angeles–based Pentecostal organization. Dream Center permanently closed 18 Art Institute schools, including the Art Institute of Colorado, at the end of 2018.


== History ==
The school was established in 1952 and founded as a private college for arts and crafts. In 1956 John Jellico, a former Assistant Director of the Art Institute of Pittsburgh, joined the staff and introduced the Commercial Arts program. In 1960, he took over management of the school.
In 1975, Education Management Corporation (EDMC) of Pittsburgh bought out the school and became a branch of the Art Institute System of Sch",null,null,존 룬스버리,null
The Art Institute of Fort Lauderdale,The Art Institute of Fort Lauderdale,예술대학,미국 · 포트로더데일,1968,Q7714375,http://www.aifl.edu,https://en.wikipedia.org/wiki/Art_Institute_of_Fort_Lauderdale,https://upload.wikimedia.org/wikipedia/commons/d/d1/Ai_logo_large.png?utm_source=en.wikipedia.org&utm_campaign=api&utm_content=thumbnail_unscaled,"The Art Institute of Fort Lauderdale is a former for-profit art and culinary school in Fort Lauderdale, Florida which closed in 2018. The school was one of a number of Art Institutes, a franchise of for-profit art colleges with many branches in North America, owned and operated by Education Management Corporation (EDMC). EDMC owned the college from 1973 until 2017, when, facing declining enrollment, multiple fraud charges brought by faculty and students, and accreditation issues at some of its schools,  the company sold the Art Institute of Fort Lauderdale, along with other properties, to Dream Center Education, a Los Angeles-based Pentecostal organization. Dream Center Education planned to operate the school, along with others it acquired, as a non-profit. The plan proved unsustainable, with Dream Center permanently closing 18 Art Institute schools, including Art Institute of Fort Lauderdale, at the end of 2018.


== History ==


=== Beginning ===
The Art Institute of Fort Lauderdale was envisioned and realized by George P Butterly under Mark K. Wheeler, owner and officially opened for admission in September 1968 in eastern Las Olas Boulevard, Fort Lauderdale. Butterly established",null,null,"세리나 윌리엄스, 비너스 윌리엄스, Carol Guzy, 토니 디터리지",null
The Art Institute of Fort Worth,The Art Institute of Fort Worth,예술대학,,,Q7714376,,https://en.wikipedia.org/wiki/The_Art_Institute_of_Fort_Worth,,"The Art Institutes (AI) were a private for-profit system of art schools in the United States.
The Art Institutes offered programs at the certificate, associate's, bachelors, and master's levels. Areas of study included graphic design, media arts and animation, culinary arts, photography, digital filmmaking, interior design, audio production, fashion design, and game art and design. By 2012, there were 50 campuses with roughly 80,000 enrolled students. Long owned by Education Management Corporation (EDMC), the Art Institutes were sold in 2017 to the Dream Center Foundation, a Los Angeles–based Pentecostal organization. From 2019 to 2023, the Art Institutes were owned by the Education Principle Foundation (formerly known as Colbeck Foundation), a non-profit that also owned South University. In 2022, South University separated from the Education Principle Foundation and, by extension, the Art Institutes.
The Art Institutes faced accreditation and legal issues, and student loan debtors have appealed to the US Department of Education for debt cancellation through defense to repayment claims. These efforts are premised on allegations they were defrauded. The student debt group ""I Am Ai"" ",null,null,,null
The Art Institute of Houston,The Art Institute of Houston,예술대학,미국 · 텍사스주,1965,Q7714377,,https://en.wikipedia.org/wiki/Art_Institute_of_Houston,,"The Art Institute of Houston was a private for-profit art school in Houston, Texas.  It is owned by Education Principle Foundation. Founded in 1965 as the Houston School of Commercial Art, the school joined The Art Institutes system of schools in 1978 and moved to its final facility in 1990. All Art Institute schools closed on September 30, 2023.
The Art Institute of Houston was one of two locations of The Art Institutes system in Texas and was accredited by the Commission on Colleges of the Southern Association of Colleges and Schools (SACS).


== History ==
Alumni and professors of The Art Institute of Houston have been interviewed and featured in stories by major media outlets such as MSNBC and the Houston Chronicle  as well as local media outlets such as the Houston Business Journal.
In 1999, 145 students brought suit against the Art Institute of Houston and its former parent company Education Management Corporation Inc alleging they were defrauded by the school. The students alleged that while seeking to gain a quality education, they were lured into enrollment at the Art Institute of Houston and encouraged to matriculate, often under an albatross of hefty student loans. They ",null,null,스콧 코슨,null
The Art Institute of Houston – North,The Art Institute of Houston – North,예술대학,,,Q7714379,,https://en.wikipedia.org/wiki/The_Art_Institute_of_Houston_%E2%80%93_North,,"The Art Institutes (AI) were a private for-profit system of art schools in the United States.
The Art Institutes offered programs at the certificate, associate's, bachelors, and master's levels. Areas of study included graphic design, media arts and animation, culinary arts, photography, digital filmmaking, interior design, audio production, fashion design, and game art and design. By 2012, there were 50 campuses with roughly 80,000 enrolled students. Long owned by Education Management Corporation (EDMC), the Art Institutes were sold in 2017 to the Dream Center Foundation, a Los Angeles–based Pentecostal organization. From 2019 to 2023, the Art Institutes were owned by the Education Principle Foundation (formerly known as Colbeck Foundation), a non-profit that also owned South University. In 2022, South University separated from the Education Principle Foundation and, by extension, the Art Institutes.
The Art Institutes faced accreditation and legal issues, and student loan debtors have appealed to the US Department of Education for debt cancellation through defense to repayment claims. These efforts are premised on allegations they were defrauded. The student debt group ""I Am Ai"" ",null,null,,null
The Art Institute of Indianapolis,The Art Institute of Indianapolis,예술대학,미국 · 인디애나폴리스,,Q7714380,http://new.artinstitutes.edu/indianapolis,https://en.wikipedia.org/wiki/The_Art_Institute_of_Indianapolis,,"The Art Institutes (AI) were a private for-profit system of art schools in the United States.
The Art Institutes offered programs at the certificate, associate's, bachelors, and master's levels. Areas of study included graphic design, media arts and animation, culinary arts, photography, digital filmmaking, interior design, audio production, fashion design, and game art and design. By 2012, there were 50 campuses with roughly 80,000 enrolled students. Long owned by Education Management Corporation (EDMC), the Art Institutes were sold in 2017 to the Dream Center Foundation, a Los Angeles–based Pentecostal organization. From 2019 to 2023, the Art Institutes were owned by the Education Principle Foundation (formerly known as Colbeck Foundation), a non-profit that also owned South University. In 2022, South University separated from the Education Principle Foundation and, by extension, the Art Institutes.
The Art Institutes faced accreditation and legal issues, and student loan debtors have appealed to the US Department of Education for debt cancellation through defense to repayment claims. These efforts are premised on allegations they were defrauded. The student debt group ""I Am Ai"" ",null,null,,null
The Art Institute of Jacksonville,The Art Institute of Jacksonville,예술대학,미국 · 잭슨빌,2007,Q7714381,http://www.artinstitutes.edu/jacksonville/,https://en.wikipedia.org/wiki/Art_Institute_of_Jacksonville,,"The Art Institute of Jacksonville was a for-profit institution of higher education in Jacksonville, Florida, and one of The Art Institutes, a corporate system of over 40 educational institutions throughout North America, providing education in design, media arts, fashion and culinary arts. The school opened in 2007 as a branch of the Miami International University of Art & Design.
The Art Institute of Jacksonville is accredited by the Commission on Colleges of the Southern Association of Colleges and Schools. The school started offering culinary programs in July 2007.
The Art Institutes system is a subsidiary of Education Management Corporation a for-profit college organization. Beginning in August 2011, Education Management Corporation was one of several for-profit college companies to be investigated and sued by federal and state agencies for illegal recruitment practices and fraudulent receipt of federal financial aid money.
In 2015, the Art Institute of Jacksonville announced it would close along with 14 other Art Institutes branches in the aftermath of the federal investigations. The school ceased admitting new students and closed when its enrolled students had graduated.

��2",null,null,,null
The Art Institute of Las Vegas,The Art Institute of Las Vegas,예술대학,미국 · 헨더슨,1983,Q7714382,http://www.ailv.artinstitutes.edu,https://en.wikipedia.org/wiki/Art_Institute_of_Las_Vegas,,"The Art Institute of Las Vegas was a for-profit college in Henderson, Nevada. It was founded in 1983 as The Interior Design Institute and was later known as The Design Institute. It was renamed The Art Institute of Las Vegas in 2001 when it was purchased by Education Management Corporation, which was headquartered in Pittsburgh, Pennsylvania. Ai-Las Vegas was part of a system of Art Institutes schools. It was one of the colleges acquired from EDMC by Dream Center Education Holdings (DCEH), LLC, in 2017. It closed in December 2019.


== Academics ==
Although The Art Institute of Las Vegas was accredited by the Accrediting Council for Independent Colleges and Schools (ACICS) to award certificates, associate degrees, and bachelor's degrees. In January 2019, ACICS sent a letter to Ai Las Vegas asking the school to show cause for why it should not take away its accreditation. The institution was also under heightened cash monitoring by the US Department of Education.
According to the National Center for Education Statistics, the Art Institute of Las Vegas had an 18% graduation rate and an 18% default rate.


== Sale and closure ==
On March 7, 2019, the Art Institute of Las Vegas was sol",null,null,,null
The Art Institute of Michigan,The Art Institute of Michigan,예술대학,미국 · 미시간주,2007,Q7714383,http://www.artinstitutes.edu/detroit/,https://en.wikipedia.org/wiki/The_Art_Institute_of_Michigan,,"The Art Institutes (AI) were a private for-profit system of art schools in the United States.
The Art Institutes offered programs at the certificate, associate's, bachelors, and master's levels. Areas of study included graphic design, media arts and animation, culinary arts, photography, digital filmmaking, interior design, audio production, fashion design, and game art and design. By 2012, there were 50 campuses with roughly 80,000 enrolled students. Long owned by Education Management Corporation (EDMC), the Art Institutes were sold in 2017 to the Dream Center Foundation, a Los Angeles–based Pentecostal organization. From 2019 to 2023, the Art Institutes were owned by the Education Principle Foundation (formerly known as Colbeck Foundation), a non-profit that also owned South University. In 2022, South University separated from the Education Principle Foundation and, by extension, the Art Institutes.
The Art Institutes faced accreditation and legal issues, and student loan debtors have appealed to the US Department of Education for debt cancellation through defense to repayment claims. These efforts are premised on allegations they were defrauded. The student debt group ""I Am Ai"" ",null,null,,null
The Art Institute of New York City,The Art Institute of New York City,예술대학,미국 · 맨해튼,1980,Q7714384,http://www.artinstitutes.edu/new-york/default.aspx,https://en.wikipedia.org/wiki/Art_Institute_of_New_York_City,,"The Art Institute of New York City was a for-profit college in New York City.  The school was one of a number of Art Institutes, a franchise of for-profit art colleges with many branches in North America, owned and operated by Education Management Corporation.  Founded in 1980 as The New York Restaurant School, and renamed in 2001, it was accredited by the Accrediting Council for Independent Colleges and Schools.
The Art Institute of New York City officially closed in 2017.


== References ==


== External links ==
Official website",null,null,,null
The Art Institute of Ohio – Cincinnati,The Art Institute of Ohio – Cincinnati,예술대학,미국 · 신시내티,2004,Q7714386,http://www.artinstitutes.edu/cincinnati,https://en.wikipedia.org/wiki/The_Art_Institute_of_Ohio_%E2%80%93_Cincinnati,,"The Art Institutes (AI) were a private for-profit system of art schools in the United States.
The Art Institutes offered programs at the certificate, associate's, bachelors, and master's levels. Areas of study included graphic design, media arts and animation, culinary arts, photography, digital filmmaking, interior design, audio production, fashion design, and game art and design. By 2012, there were 50 campuses with roughly 80,000 enrolled students. Long owned by Education Management Corporation (EDMC), the Art Institutes were sold in 2017 to the Dream Center Foundation, a Los Angeles–based Pentecostal organization. From 2019 to 2023, the Art Institutes were owned by the Education Principle Foundation (formerly known as Colbeck Foundation), a non-profit that also owned South University. In 2022, South University separated from the Education Principle Foundation and, by extension, the Art Institutes.
The Art Institutes faced accreditation and legal issues, and student loan debtors have appealed to the US Department of Education for debt cancellation through defense to repayment claims. These efforts are premised on allegations they were defrauded. The student debt group ""I Am Ai"" ",null,null,,null
The Art Institute of Phoenix,The Art Institute of Phoenix,예술대학,미국 · 피닉스,1995,Q7714387,http://www.artinstitutes.edu/phoenix/,https://en.wikipedia.org/wiki/The_Art_Institute_of_Phoenix,http://commons.wikimedia.org/wiki/Special:FilePath/The%20Art%20Institute%20of%20Phoenix.gif,"The Art Institutes (AI) were a private for-profit system of art schools in the United States.
The Art Institutes offered programs at the certificate, associate's, bachelors, and master's levels. Areas of study included graphic design, media arts and animation, culinary arts, photography, digital filmmaking, interior design, audio production, fashion design, and game art and design. By 2012, there were 50 campuses with roughly 80,000 enrolled students. Long owned by Education Management Corporation (EDMC), the Art Institutes were sold in 2017 to the Dream Center Foundation, a Los Angeles–based Pentecostal organization. From 2019 to 2023, the Art Institutes were owned by the Education Principle Foundation (formerly known as Colbeck Foundation), a non-profit that also owned South University. In 2022, South University separated from the Education Principle Foundation and, by extension, the Art Institutes.
The Art Institutes faced accreditation and legal issues, and student loan debtors have appealed to the US Department of Education for debt cancellation through defense to repayment claims. These efforts are premised on allegations they were defrauded. The student debt group ""I Am Ai"" ",null,null,빌 헤이더,null
The Art Institute of Salt Lake City,The Art Institute of Salt Lake City,예술대학,미국 · 드레이퍼,2007,Q7714389,http://www.artinstitutes.edu/saltlakecity/,https://en.wikipedia.org/wiki/The_Art_Institute_of_Salt_Lake_City,,"The Art Institutes (AI) were a private for-profit system of art schools in the United States.
The Art Institutes offered programs at the certificate, associate's, bachelors, and master's levels. Areas of study included graphic design, media arts and animation, culinary arts, photography, digital filmmaking, interior design, audio production, fashion design, and game art and design. By 2012, there were 50 campuses with roughly 80,000 enrolled students. Long owned by Education Management Corporation (EDMC), the Art Institutes were sold in 2017 to the Dream Center Foundation, a Los Angeles–based Pentecostal organization. From 2019 to 2023, the Art Institutes were owned by the Education Principle Foundation (formerly known as Colbeck Foundation), a non-profit that also owned South University. In 2022, South University separated from the Education Principle Foundation and, by extension, the Art Institutes.
The Art Institutes faced accreditation and legal issues, and student loan debtors have appealed to the US Department of Education for debt cancellation through defense to repayment claims. These efforts are premised on allegations they were defrauded. The student debt group ""I Am Ai"" ",null,null,,null
The Art Institute of Seattle,The Art Institute of Seattle,예술대학,미국 · 시애틀,1946,Q7714390,http://artinstitutes.edu/seattle,https://en.wikipedia.org/wiki/The_Art_Institute_of_Seattle,https://upload.wikimedia.org/wikipedia/commons/thumb/5/5f/Art_Institute_of_Seattle.jpg/500px-Art_Institute_of_Seattle.jpg?utm_source=en.wikipedia.org&utm_campaign=api&utm_content=thumbnail,"The Art Institute of Seattle was a private for-profit art school in Seattle, Washington. The school was one of a number of Art Institutes, a franchise of for-profit art colleges with many branches in North America, owned and operated by Education Management Corporation. EDMC owned the college from 1982 until 2017, when, facing significant financial problems and declining enrollment, the company sold the Art Institute of Seattle, along with 30 other Art Institute schools, to Dream Center Education, a Los Angeles–based Pentecostal organization, before shuttering.
The Dream Center Foundation acquired the school in 2018 and laid off ten of its thirteen full-time teachers in October 2018. The Washington Student Achievement Council then suspended Ai-Seattle's license to operate, which blocked enrollment of new students.
The school closed permanently on March 8, 2019, with 650 students unable to finish the winter quarter. Students were forced to retrieve paper copies of their documents during the last day and were offered scholarships and classes from other nearby universities, including Seattle Pacific University.


== History ==
The Art Institute of Seattle was located in several buildi",null,null,,null
The Art Institute of Tampa,The Art Institute of Tampa,예술대학,미국 · 플로리다주,2004,Q7714392,,https://en.wikipedia.org/wiki/Art_Institute_of_Tampa,https://upload.wikimedia.org/wikipedia/commons/thumb/f/f7/TheArtInstituteofTampa.jpg/500px-TheArtInstituteofTampa.jpg?utm_source=en.wikipedia.org&utm_campaign=api&utm_content=thumbnail,"The Art Institute of Tampa was a private for-profit art school in Tampa, Florida. It opened in 2004 as the 30th location within The Art Institutes system of schools. All Art Institute schools closed on September 30, 2023.
The Art Institute of Tampa was a branch of Miami International University of Art & Design, which was accredited by the Commission on Colleges of the Southern Association of Colleges and Schools (SACS).


== Culinary program ==
The Art Institute of Tampa's culinary program garnered much attention. In 2006, its culinary students and staff volunteered to create the menu, make a budget, and prepare and serve the food for a Pinellas County Habitat for Humanity charity event called Building Dreams. In 2007, articles in the St. Petersburg Times indicated that the school had been a sponsor of the Best Teen Chef competition.


== Student outcomes ==
According to the College Navigator, the school had an overall graduation rate of 22 percent.


== References ==


== External links ==
Official website",null,null,,null
The Art Institute of Tennessee – Nashville,The Art Institute of Tennessee – Nashville,예술대학,미국 · 내슈빌,2006,Q7714393,http://www.artinstitutes.edu/nashville/,https://en.wikipedia.org/wiki/The_Art_Institute_of_Tennessee_%E2%80%93_Nashville,,"The Art Institutes (AI) were a private for-profit system of art schools in the United States.
The Art Institutes offered programs at the certificate, associate's, bachelors, and master's levels. Areas of study included graphic design, media arts and animation, culinary arts, photography, digital filmmaking, interior design, audio production, fashion design, and game art and design. By 2012, there were 50 campuses with roughly 80,000 enrolled students. Long owned by Education Management Corporation (EDMC), the Art Institutes were sold in 2017 to the Dream Center Foundation, a Los Angeles–based Pentecostal organization. From 2019 to 2023, the Art Institutes were owned by the Education Principle Foundation (formerly known as Colbeck Foundation), a non-profit that also owned South University. In 2022, South University separated from the Education Principle Foundation and, by extension, the Art Institutes.
The Art Institutes faced accreditation and legal issues, and student loan debtors have appealed to the US Department of Education for debt cancellation through defense to repayment claims. These efforts are premised on allegations they were defrauded. The student debt group ""I Am Ai"" ",null,null,,null
The Art Institute of Virginia Beach,The Art Institute of Virginia Beach,예술대학,미국 · 버지니아비치,,Q7714396,http://www.artinstitutes.edu/virginia-beach/,https://en.wikipedia.org/wiki/The_Art_Institute_of_Virginia_Beach,,"The Art Institutes (AI) were a private for-profit system of art schools in the United States.
The Art Institutes offered programs at the certificate, associate's, bachelors, and master's levels. Areas of study included graphic design, media arts and animation, culinary arts, photography, digital filmmaking, interior design, audio production, fashion design, and game art and design. By 2012, there were 50 campuses with roughly 80,000 enrolled students. Long owned by Education Management Corporation (EDMC), the Art Institutes were sold in 2017 to the Dream Center Foundation, a Los Angeles–based Pentecostal organization. From 2019 to 2023, the Art Institutes were owned by the Education Principle Foundation (formerly known as Colbeck Foundation), a non-profit that also owned South University. In 2022, South University separated from the Education Principle Foundation and, by extension, the Art Institutes.
The Art Institutes faced accreditation and legal issues, and student loan debtors have appealed to the US Department of Education for debt cancellation through defense to repayment claims. These efforts are premised on allegations they were defrauded. The student debt group ""I Am Ai"" ",null,null,,null
The Art Institute of Washington,The Art Institute of Washington,예술대학,미국 · 버지니아주,2000,Q7714398,https://www.artinstitutes.edu/arlington,https://en.wikipedia.org/wiki/Art_Institute_of_Washington,,"The Art Institute of Washington was a for-profit college in Arlington, Virginia. It opened in 2000 and was a branch of The Art Institute of Atlanta.  It was accredited by the Commission on Colleges of the Southern Association of Colleges and Schools (SACS).  It closed in December 2018.


== Culinary program ==
The culinary program at the International Culinary School at The Art Institute of Washington received notoriety from several local media outlets, including The Washington Post, The Washington Times, and WRC-TV, NBC’s Washington, D.C. affiliate.  The International Culinary School at The Art Institute of Washington offered three culinary-related degree programs and three culinary-related diploma programs.


== Alumni ==


== References ==


== External links ==
Official website",null,null,,null
The Art Institute of York – Pennsylvania,The Art Institute of York – Pennsylvania,예술대학,미국 · 펜실베이니아주,1952,Q7714399,http://www.artinstitutes.edu/york,https://en.wikipedia.org/wiki/Art_Institute_of_York_%E2%80%93_Pennsylvania,,"The Art Institute of York – Pennsylvania was a for-profit college, part of The Art Institutes, a system of over 35 education institutions throughout North America, providing education in design, media arts, fashion and culinary arts.


== History ==
Founded in 1952 as the York Academy of Arts and renamed in 1988 as the Bradley Academy for the Visual Arts, the school joined the Art Institutes system in 2003 and became The Art Institute of York – Pennsylvania on October 29, 2007. In August 2009, the Art Institute of York started its bachelor's degree programs after becoming an accredited college. Associate of Science programs were also available.
Located since 1988 in Springettsbury Township, just east of York, Pennsylvania, The Art Institute of York – Pennsylvania was accredited by the Accrediting Council for Independent Colleges and Schools.


== Operations and closure ==
The Art Institutes system is a subsidiary of Education Management Corporation (EDMC), which is headquartered in Pittsburgh. EDMC has been the subject of several lawsuits and investigations alleging that the company made misleading claims in its efforts to recruit students; the company agreed to pay nearly $96 mill",null,null,,null
The Art Institutes International – Kansas City,The Art Institutes International – Kansas City,예술대학,미국,,Q7714402,http://www.artinstitutes.edu/kansascity/,https://en.wikipedia.org/wiki/The_Art_Institutes_International_%E2%80%93_Kansas_City,,"The Art Institutes (AI) were a private for-profit system of art schools in the United States.
The Art Institutes offered programs at the certificate, associate's, bachelors, and master's levels. Areas of study included graphic design, media arts and animation, culinary arts, photography, digital filmmaking, interior design, audio production, fashion design, and game art and design. By 2012, there were 50 campuses with roughly 80,000 enrolled students. Long owned by Education Management Corporation (EDMC), the Art Institutes were sold in 2017 to the Dream Center Foundation, a Los Angeles–based Pentecostal organization. From 2019 to 2023, the Art Institutes were owned by the Education Principle Foundation (formerly known as Colbeck Foundation), a non-profit that also owned South University. In 2022, South University separated from the Education Principle Foundation and, by extension, the Art Institutes.
The Art Institutes faced accreditation and legal issues, and student loan debtors have appealed to the US Department of Education for debt cancellation through defense to repayment claims. These efforts are premised on allegations they were defrauded. The student debt group ""I Am Ai"" ",null,null,,null
The Ashland Academy of Art,The Ashland Academy of Art,예술대학,미국 · 애슐랜드,2003,Q7714662,,https://en.wikipedia.org/wiki/The_Ashland_Academy_of_Art,,"The Ashland Academy of Art was an art school located in Ashland, Oregon, United States. The Ashland Academy of Art was a classically based and independent school. The academy's program was mainly based on the Russian Academic System. This system followed the artistic achievements of the Renaissance, developed and practiced by European academies until the end of the 19th century.
The Ashland Academy's curriculum combined academic art education with the latest advancements in psychology of visual perception. The academy's drawing curriculum was rooted in the Construction Method. This analytical method emphasizes a sculptural approach to form, by studying comparative measurements, structure, planes, function, and perspective.


== History ==
Preserving the unique academic system of the classical European academies, Semyon Bilmes, founded the Bilmes Art School in 1990 in Medford, Oregon.  In 2003, Semyon Bilmes founded The Ashland Academy of Art. In 2004, the Ashland Academy was listed as one of Art Renewal Center approved teliers. The school was located in the former Temple Emek Shalom synagog. In late 2009, the Bilmes Family announced that the school would close in October 2010, with",null,null,,null
The Northern School of Art,The Northern School of Art,예술대학,영국 · Middlesbrough,1870,Q5132103,http://www.ccad.ac.uk,https://en.wikipedia.org/wiki/The_Northern_School_of_Art,,"The Northern College of Art is a further and higher education art and design college in Middlesbrough and Hartlepool in the north-east of England. The college was called Cleveland College of Art and Design after the former non-metropolitan county of Cleveland. In 2018, the college changed its name to The Northern School of Art. In 2026, the college separated its two sites, and changed the name of the Middlesbrough campus to The Northern College of Art; the Hartlepool campus remains as The Northern School of Art.


== History and estates ==
Middlesbrough School of Art, on Durham Street, and the nearby Government School of Arts in the Athenaeum on Church Street, West Hartlepool first opened in 1870 and 1874 respectively.
In May 1960, the Green Lane campus based in the Linthorpe area of Middlesbrough was opened by Robin Darwin, then-Principal of the Royal College of Art, and was later extended as Middlesbrough School of Art. The campus closed its doors and re-located to the centre of Middlesbrough in September 2021.
The Northern School of Art is the only specialist art and design college in the north-east of England and one of only three in the country in the further education sector.",null,null,"데이비드 커버데일, 리들리 스콧, 토니 스콧",null
Tianjin Academy of Fine Arts,Tianjin Academy of Fine Arts,예술대학,중화인민공화국 · 톈진시,1906,Q7800185,http://www.tjarts.edu.cn,https://en.wikipedia.org/wiki/Tianjin_Academy_of_Fine_Arts,,"The Tianjin Academy of Fine Arts (TJ Arts; Chinese: 天津美术学院) is a public art college in Tianjin, China. The academy is sponsored by the Tianjin Municipal People's Government. 
The Tianjin Academy of Fine Arts was founded in 1906 with the original name of Peiyang Female Normal School (北洋女师范学堂), which has a long history and it is also a comprehensive college providing a wide variety of subjects. It is the most important arts education center in the north part of China.


== History ==

The Beiyang Women's Normal School was founded in 1906 by Lü Bicheng although Fine Art was not established at the school until 1926. In 1929 it became the Hebei Provincial Women's Normal Academy. In 1949 men were admitted to the facility and it was renamed the Henei Normal Arts Academy. In 1959 the part that dealt specifically with Fine Art became the Henei Academy of Fine Art.


== Description ==
The academy consists of the Arts Design School, Plastic Arts School and Contemporary Art School. Also, there are the Departments of Chinese Painting, Art History, Art Theory and the Adult Education School. The academy offers 17 sub-majors including Chinese Painting, Oil Painting, Graphic Art, Sculpture, Visual ",null,null,스핑메이,null
Tokyo Academy of Fine Arts,Tokyo Academy of Fine Arts,예술대학,일본 · 시타야구,1887,Q3577924,,,,,null,null,"후지타 쓰구하루, 아오키 시게루, 와다 산조, 오카모토 다로",null
Tokyo Film Center School of Arts,Tokyo Film Center School of Arts,예술대학,일본 · 에도가와구,2004,Q11524362,https://www.movie.ac.jp/,,,,null,null,,null
Trondheim Academy of Fine Art,Trondheim Academy of Fine Art,예술대학,노르웨이,1946,Q4590700,,https://en.wikipedia.org/wiki/Trondheim_Academy_of_Fine_Art,,"Trondheim Academy of Fine Art is a department of the Norwegian University of Science and Technology (NTNU) in Trondheim, Norway responsible for Bachelor and Master education within fine art. Located at a separate campus at Nedre Elvehavn it is part of the Faculty of Architecture and Fine Art.
The academy was created after World War II and in 1979 a college and from 1987 a state art academy. It was merged into NTNU in 1996.",null,null,,null
Tunis Institute of Fine Arts,Tunis Institute of Fine Arts,예술대학,튀니지 · 튀니스,1923,Q3152594,http://www.isbat.rnu.tn/,https://en.wikipedia.org/wiki/Tunis_Institute_of_Fine_Arts,,"The Tunis Institute of Fine Arts (Arabic: المعهد العالي للفنون الجميلة بتونس, romanized: al-Maʿhad al-ʿālī li-l-Funūn al-jamīla bi-Tūnus; French: Institut supérieur des beaux-arts de Tunis) is a fine arts institute in Tunis, Tunisia.
Founded in 1923, its seat was located at the Dribat Ben Abdallah near Tourbet el Bey with its former name Tunis School of Fine Arts. The Institute of Tunis contributed to the rise of the plastic arts movement in Tunisia, particularly after the Second World War.


== Notable students ==
Former students of the institute include: 

Azzedine Alaïa
Abdelfattah Boussetta
Antonio Corpora
Ammar Farhat
Safia Farhat
Abdelaziz Gorji
Mohamed Saadi 
Nadia Kaabi-Linke
Mahmoud Sehili
Hedi Turki
Yahia Turki
Zoubeir Turki
Ali Zenaidi


== References ==


== External links ==
Official website",null,null,"Safia Farhat, 아제딘 알라이아",null
Tyler School of Art,Tyler School of Art,예술대학,미국 · 펜실베이니아주,1935,Q7860144,http://tyler.temple.edu,https://en.wikipedia.org/wiki/Tyler_School_of_Art_and_Architecture,,"The Tyler School of Art and Architecture, frequently referred to by community members as simply Tyler, is part of Temple University, a large, urban, public research university in Philadelphia, Pennsylvania, United States. Tyler currently enrolls about 1,350 undergraduate students and about 200 graduate students in a wide variety of academic degree programs, including architecture, art education, art history, art therapy, ceramics, city and regional planning, community arts practices, community development, facilities management, fibers and material studies, glass, graphic and interactive design, historic preservation, horticulture, landscape architecture, metals/jewelry/CAD-CAM, painting, photography, printmaking, sculpture and visual studies.
Susan E. Cahan, has been Tyler's dean since 2017. It was formerly known as the Stella Elkins Tyler School of Fine Arts, and Tyler School of Art.


== History ==
The Tyler School of Art and Architecture was founded in 1935 by Stella Elkins Tyler (of the Elkins/Widener family) and sculptor Boris Blai. Arts patron Stella Elkins Tyler donated her estate in Elkins Park, Pennsylvania, to Temple University in the early 1930s. Tyler offered her estat",null,null,"어빈 커슈너, David Levine, Hans Haacke, Robert Gober",null
University of Arts Târgu-Mureș,University of Arts Târgu-Mureș,예술대학,루마니아 · 트르구무레슈,1946,Q1165715,http://www.uat.ro/,,,,null,null,,null
"University of Cincinnati College of Design, Architecture, Art, and Planning","University of Cincinnati College of Design, Architecture, Art, and Planning",예술대학,미국 · 신시내티,1819,Q7895270,http://www.daap.uc.edu,"https://en.wikipedia.org/wiki/University_of_Cincinnati_College_of_Design,_Architecture,_Art,_and_Planning",,"The University of Cincinnati College of Design, Architecture, Art, and Planning (DAAP) is an arts and architecture college of the University of Cincinnati in Cincinnati, Ohio. It was initially established as the School of Applied Art in 1926.


== History ==
In 1922, the College of Engineering and Commerce started a Bachelors of Science degree in architecture, offering courses in architecture, landscape architecture. In 1935, the department became the School of Applied Arts. During the Great Depression, enrollment decreased and the school made changes to its alternating schedule of classes and cooperative education for male students.
Additional courses were added and by 1938, the school offered a Bachelors of Science in architecture, landscape architecture, and applied arts. In 1946, the name changed to the College of Applied Arts. A Department of Design was later added to the now College of Applied Art. In 1961, the name changed to the College of Design, Architecture and Art (DAA) and in 1979 reorganized into four schools to form the College of Design, Architecture, Art, and Planning (DAAP).


=== Deans of the College ===
Dr. Ernest Pickering, 1946-1963
Harold R. Rice, 1963-1975
B",null,null,,null
University of Houston School of Art,University of Houston School of Art,예술대학,미국 · 휴스턴,2000,Q7895502,http://www.class.uh.edu/,https://en.wikipedia.org/wiki/University_of_Houston_School_of_Art,,"The College of Liberal Arts and Social Sciences (CLASS) is one of 14 academic colleges at the University of Houston.  With nearly 10,000 students, CLASS is the largest college of the university, and was established in 2000 after the College of Humanities, Fine Arts, and Communication and the College of Social Sciences merged.


== Departments ==
Source:

Communication Sciences and Disorders
Comparative Cultural Studies
Economics
English
Health and Human Performance
Hispanic Studies
History
Jack J. Valenti School of Communication
Modern and Classical Languages
Philosophy
Political Science
Psychology
Sociology


== Facilities ==
Cynthia Woods Mitchell Center for the Arts
Texas Institute for Measurement, Evaluations and Statistics
Psychology Research and Services Center


== Academics ==
The college offers degree programs in the following areas: African American Studies, Anthropology, Communication, Communication Sciences & Disorders, Economics, English, Folklore, Hispanic Studies, History, Modern & Classical Languages, Philosophy, Political Science, Psychology, Public Administration, Religious Studies, ROTC, Sociology, Visual Studies, and Women's Studies.
In 1987 Harold Jones, the ch",null,null,,null
University of Iowa School of Art and Art History,University of Iowa School of Art and Art History,예술대학,미국 · 아이오와시티,1936,Q7895565,http://www.art.uiowa.edu,https://en.wikipedia.org/wiki/University_of_Iowa_School_of_Art_and_Art_History,https://upload.wikimedia.org/wikipedia/commons/d/d6/ABW_1.jpg?utm_source=en.wikipedia.org&utm_campaign=api&utm_content=thumbnail_unscaled,"The University of Iowa School of Art, Art History, and Design is the art school of the University of Iowa. It awards undergraduate and graduate degrees in art and art history.  The graduate program offers Masters of Arts in art and art history, Master of Fine Arts in art, and Doctor of Philosophy in art history.


== History ==
The arts were an important part of the curriculum at the University of Iowa long before the School of Art and Art History was officially established in 1936.  As far back as 1882, University of Iowa students were required to take ""free-hand drawing"" courses. Art history was added around 1900 through the departments of philosophy and classical archaeology.
In the 1920s, the university brought art history and studio art into one department, creating a rich learning environment where studio artist would benefit by learning the history of art and art historians could better understand the studio experience. This innovative idea was copied by many institutions calling it the ""Iowa Idea"".
Iowa was the first major university to accept creative works, rather than written theses for graduate degrees in the arts. In 1924 the University of Iowa conferred the first grad",null,null,,null
University of Texas at Austin College of Fine Arts,University of Texas at Austin College of Fine Arts,예술대학,미국,,Q7896450,,https://en.wikipedia.org/wiki/University_of_Texas_at_Austin_College_of_Fine_Arts,https://upload.wikimedia.org/wikipedia/en/thumb/e/e1/University_of_Texas_at_Austin_seal.svg/500px-University_of_Texas_at_Austin_seal.svg.png?utm_source=en.wikipedia.org&utm_campaign=api&utm_content=thumbnail,"The University of Texas at Austin (UT Austin, UT, or Texas) is a public research university in Austin, Texas, United States. Founded in 1883, it is the flagship institution of the University of Texas System. With 53,864 students as of fall 2024, it is also the largest institution in the system.
The university is a major center for academic research, with research expenditures totaling $1.06 billion for the 2023 fiscal year. It joined the Association of American Universities in 1929. The university houses seven museums and seventeen libraries, including the Lyndon B. Johnson Presidential Library and the Blanton Museum of Art, and operates various auxiliary research facilities, such as the J. J. Pickle Research Campus and McDonald Observatory.
UT Austin's athletics constitute the Texas Longhorns. The Longhorns have won four NCAA Division I National Football Championships, six NCAA Division I National Baseball Championships, sixteen NCAA Division I National Men's Swimming and Diving Championships, and the school has claimed more titles in men's and women's sports than any other member in the Big 12.
As of 2020, 13 Nobel Prize winners, 25 Pulitzer Prize winners, 3 Turing Award winners,",null,null,,null
USSR Academy of Arts,USSR Academy of Arts,예술대학,소련,1947,Q3648923,,https://en.wikipedia.org/wiki/Academy_of_Arts_of_the_Soviet_Union,https://upload.wikimedia.org/wikipedia/commons/thumb/f/f1/Moscow%2C_Prechistenka_19-12_Aug_2008_01.JPG/500px-Moscow%2C_Prechistenka_19-12_Aug_2008_01.JPG?utm_source=en.wikipedia.org&utm_campaign=api&utm_content=thumbnail,"The Academy of Arts of the Soviet Union (Russian: Акаде́мия худо́жеств СССР) was the highest artistic institution in the field of visual arts in the Soviet Union.


== History ==
After the Imperial Academy of Arts was liquidated, the Higher Art School continued to operate in Petrograd. Initially, the school was renamed the Free Art School, and from October 1918, the Petrograd State Free Art Training Workshops. In 1922, the workshops were transformed into the Higher Art and Technical Institute (Vkhutemas). 
By the resolution of the All-Russian Central Executive Committee and the Council of People's Commissars of October 11, 1932, “On the creation of the Academy of Arts,” a higher educational institution, the All-Russian Academy of Arts, was opened in Leningrad.
By decree of the Council of Ministers of the Soviet Union on August 5, 1947, the Academy of Arts of the Soviet Union, with its base in Moscow, was formed on the basis of the former All-Russian Academy of Arts. The academy was considered the successor to the classical traditions of the Imperial Academy of Arts, and at the same time, at the Soviet stage of its existence, it was called upon to “promote the creative development o",null,null,,null
Valand School of Fine Arts,Valand School of Fine Arts,예술대학,스웨덴 · 예테보리시,1865,Q569092,http://www.akademinvaland.gu.se,https://en.wikipedia.org/wiki/Valand_Academy,,"HDK-Valand Academy of Art and Design (Swedish: HDK-Valand – Högskolan för konst och design) is a school for film, photography, literary composition, and fine art at the University of Gothenburg in Gothenburg, Sweden. Its precursors trace back to 1848 and 1865, and in this sense is older than the University of Gothenburg (founded 1891).


== History ==


=== School of Design and Crafts ===

The School of Design and Crafts (Swedish: Högskolan för Design och Konsthantverk, abbreviated HDK) at the University of Gothenburg was a design school in the Faculty of Fine, Applied and Performing Arts. It was started in 1848 with the name Slöjdföreningens skola.
The main building is on Kristinelundsgatan in Gothenburg. The school also contained HDK Steneby in Dals Långed.


=== Gothenburg Drawing School ===

The Valand School of Fine Art was founded as the Gothenburg Drawing School (Swedish: Göteborgs Musei Ritskola) in 1865 and has been part of the University of Gothenburg since 1977. The school is situated in central Gothenburg, currently across Vasagatan from the original building. Valand was the name of the construction company formed in order to build the original building which is now occ",null,null,"알베르트 엥스트룀, Gustaf Tenggren, Ivar Arosenius, Jenny Nyström",null
Vermont College of Fine Arts,Vermont College of Fine Arts,예술대학,미국 · 몬트필리어,1831,Q7921694,https://vcfa.edu/,https://en.wikipedia.org/wiki/Vermont_College_of_Fine_Arts,https://upload.wikimedia.org/wikipedia/commons/thumb/4/4b/Vermont_College_of_Fine_Arts.jpg/500px-Vermont_College_of_Fine_Arts.jpg?utm_source=en.wikipedia.org&utm_campaign=api&utm_content=thumbnail,"Vermont College of Fine Arts (VCFA) is a private college that is an affiliate of the California Institute of the Arts (CalArts). It offers a Master of Fine Arts degree with six different concentrations in a low-residency format. The literary magazine Hunger Mountain is operated by VCFA writing faculty and students.


== History ==
Vermont College of Fine Arts traces its roots to the Newbury Seminary, which first opened in Newbury, Vermont in 1834. One of the earliest faculty members and principal for two years was Clark T. Hinman who later became the first president of Northwestern University.
The seminary moved in Montpelier in 1868. After existing in several forms including a Wesleyan Seminary and a Methodist Seminary, using the name Montpelier Seminary, it became Vermont Junior College in 1941.  In 1958, it became Vermont College. In 1972, Vermont College became a part of the larger Norwich University.
In 2001 Vermont College became a part of the Ohio-based Union Institute & University and in 2008, the MFA programs of Vermont College along with the Vermont physical campus separated from Union Institute & University and incorporated as Vermont College of Fine Arts (VCFA).
VCFA mo",null,null,,null
Vesper George School of Art,Vesper George School of Art,예술대학,미국,,Q7923285,,https://en.wikipedia.org/wiki/Vesper_George_School_of_Art,,"The Vesper George School of Art was a school in Boston, Massachusetts, United States, founded in 1924 and closed in 1983.


== History ==
The school namesake and founder was Vesper Lincoln George (1865–1934) a painter, born in Boston. The campus had been located at 44 Saint Botolph Street in Boston, Massachusetts.
For many years the school contributed to the Boston art community, training many talented artists, many of whom are still active in both commercial art and fine arts. In addition to training artists, it served to allow many artists to maintain a living as instructors while they were building their careers.


== Alumni ==
The school's alumni include:

Charlie Carroll, Lithographer, Etcher, Photographer.
Bob Bolling, writer and illustrator for Archie Comics. Well-known for his work on Little Archie.
Al Capp, cartoonist, comic-book artist, he only attended briefly.
Amy Dacyczyn, writer and illustrator for The Tightwad Gazette
Anne Carleton, painter
Ernie Coombs, CBC's Mr Dressup
Bill Everett, comic-book artist, creator of the Sub-Mariner
Vernon Grant, comic-book writer-artist, The Love Rangers
Robert Douglas Hunter, American painter and faculty member at Vesper George
Henry ",null,null,"빌 에버렛, Al Capp",null
Vilnius Academy of Art,Vilnius Academy of Art,예술대학,리투아니아 · Vilnius City Municipality,1793,Q1476319,http://www.vda.lt/,https://en.wikipedia.org/wiki/Vilnius_Academy_of_Arts,,"The Vilnius Academy of Arts (Lithuanian: Vilniaus dailės akademija, previously State Art Institute of Lithuania) in Vilnius, Lithuania, grants a variety of degrees in the arts.


== History ==

The Academy traces its roots back to the creation of the Architecture Department at Vilnius University in the former Grand Duchy of Lithuania in 1793. The Department of Painting and Drawing was established in 1797, followed by the Department of Graphics (Engraving), and in 1805 – the Departments of Sculpture and History of art. In 1832, the university was closed, and reopened in 1919 with departments of Painting, Sculpture and Graphic Art. In 1940, the art studies in Lithuania were united under Vilnius Art Institute and Kaunas Art School. Later, the Academy saw several re-organisations, and in 1990 the name of Vilnius Academy of Arts was reinstated.
The academy began working with UNESCO in 2000, when the UNESCO department of culture management and culture policy was created.
The museum of the Academy holds about 12,000 pieces, ranging from the 16th century to the works of its most recent students and graduates.


== Alumni ==
Kristina Ališauskaitė
Danas Andriulionis, Lithuanian artist
Rūta J",null,null,"Togrul Narimanbeyov, Jurga Ivanauskaitė, Radvilė Morkūnaitė-Mikulėnienė, Algimantas Nasvytis",null
Visual Art Institute,Visual Art Institute,예술대학,미국 · 솔트레이크시티,1978,Q7936528,https://www.visualartinstitute.org/,,,,null,null,,null
"Watkins College of Art, Design & Film","Watkins College of Art, Design & Film",예술대학,미국 · 내슈빌,1885,Q7974695,http://www.watkins.edu,https://en.wikipedia.org/wiki/Watkins_College_of_Art_at_Belmont_University,https://upload.wikimedia.org/wikipedia/commons/thumb/8/84/WTN_PeepHoles_040.JPG/500px-WTN_PeepHoles_040.JPG?utm_source=en.wikipedia.org&utm_campaign=api&utm_content=thumbnail,"Watkins College of Art at Belmont University is an art and design college of Belmont University in Nashville, Tennessee. It is accredited by the National Association of Schools of Art and Design (NASAD) and offers Bachelor of Fine Arts (BFA) degrees as well as post-graduate degrees in film and visual arts. As of 2019, approximately 200 students were enrolled, mostly full-time. In its final few years as an independent institution, the college resided in a converted 60,000-square-foot (5,600 m2) 14-screen AMC Theatres multiplex in the MetroCenter area of north Nashville.
It was established in 1885. In 2020, the college merged with Belmont University.


== History ==
Watkins was founded as the Watkins Institute in 1885 by Samuel Watkins, a self-educated Nashville businessman. The school became nationally accredited by the National Association of Schools of Art and Design (NASAD) in 1996. Watkins was accredited by the Southern Association of Colleges and Schools (SACS) and a member of the Association of Independent Colleges of Art and Design (AICAD). First located on Church Street in downtown Nashville, the school moved to temporary facilities in the 100 Oaks area in 1999, and then to ",null,null,,null
Weißensee Academy of Art Berlin,Weißensee Academy of Art Berlin,예술대학,독일 · 팡코구,1946,Q1773894,https://www.kh-berlin.de/,https://en.wikipedia.org/wiki/Wei%C3%9Fensee_Academy_of_Art_Berlin,,"Weißensee Academy of Art Berlin, also known as Berlin-Weissensee Art Academy, School of Art and Design Berlin-Weissensee (German: Kunsthochschule Berlin-Weißensee), is a non-profit, public art school in Berlin-Weißensee, Berlin, Germany, founded in 1946. In the winter semester 2023/24, around 820 students were enrolled.
The academy is equipped with 19 workshops and studios, offering practical training in areas such as printing, casting, weaving, knitting, and digital technologies. Research laboratories focus on experimental research and sustainable design strategies, integrating media and information technologies.


== History ==
The Weißensee Academy of Art Berlin was founded in 1946 during Germany's post-war reconstruction by artists associated with the Bauhaus movement. Initially known as the ""Art School of the North"", it was temporarily housed in a former chocolate factory. Prominent early rectors included Dutch designer and architect Mart Stam and ceramicist Jan Bontjes van Beek. In the 1950s, under the direction of Bauhaus architect Selman Selmanagić, the academy expanded and became the East Berlin Academy of Art. Following German reunification, parts of the campus were moder",null,null,로타르 볼레,null
Weitzenhoffer Family College of Fine Arts,Weitzenhoffer Family College of Fine Arts,예술대학,미국 · 오클라호마주,1924,Q7980429,http://www.ou.edu/finearts/,https://en.wikipedia.org/wiki/Weitzenhoffer_Family_College_of_Fine_Arts,https://upload.wikimedia.org/wikipedia/commons/thumb/f/fe/HolmbergHall2.jpg/500px-HolmbergHall2.jpg?utm_source=en.wikipedia.org&utm_campaign=api&utm_content=thumbnail,"The Weitzenhoffer Family College of Fine Arts is the fine arts unit of the University of Oklahoma in Norman. The college produces nearly 300 concerts, recitals, dramas, musicals, operas and dance performances each year. The college occupies several buildings on campus including the Museum of Art, Rupel J. Jones Fine Arts Center, Donald W. Reynolds Center for the Performing Arts, and Catlett Music Center.
Started in 1924 (the fourth-oldest of OU's colleges), the College was renamed in 2004 for the Weitzenhoffer family (longtime supporters of the College and University).


== Academic programs ==
School of Visual Arts
Art History
Studio Art
School of Dance
Ballet Performance
Ballet Pedagogy
Modern Dance Performance
Helmerich School of Drama
Acting
Dramaturgy
Stage Management
Design
Scenery
Costume
Lighting
Sound
School of Music
Music Education
Music Technology
Musicology
Theory
Brass
Composition
Conducting
Keyboard, including the Pipe Organ
Percussion
Strings
Voice
Woodwinds
Weitzenhoffer School of Musical Theatre


== Notes ==


== External links ==
Weitzenhoffer Family College of Fine Arts",null,null,,null
Westminster School of Art,Westminster School of Art,예술대학,영국 · 웨스트민스터,,Q7989209,,https://en.wikipedia.org/wiki/Westminster_School_of_Art,,"The Westminster School of Art was an art school in Westminster, London.


== History ==
The Westminster School of Art was located at 18 Tufton Street, Deans Yard, Westminster, and was part of the old Royal Architectural Museum.
H. M. Bateman described it in 1903 as:

""... arranged on four floors with galleries running round a big square courtyard, the whole being covered over with a big glass roof.  Off the galleries were the various rooms which made up the school, the galleries themselves being filled with specimens of architecture which gave the whole place the air of a museum, which of course it was.""

In 1904 the art school moved and merged with the Westminster Technical Institute, in a two-story building on Westminster's Vincent Square, established by the philanthropy of Angela Burdett-Coutts, 1st Baroness Burdett-Coutts in 1893.


== People associated with the School ==


=== Academics and teachers ===
Adrian Allinson, art teacher (c. 1947)
Walter Bayes
Professor Frederick Brown, headmaster (1877–1892)
Mark Gertler
Harold Gilman
Nina Hamnett, art teacher (1917–1918)
Richard Arthur Ledward
Bernard Meninsky
Mervyn Peake
Eric Schilsky
Walter Sickert
Hilary Stratton, Sculpture (1",null,null,"오브리 비어즐리, 에밀리 카, David Bomberg, 덩컨 그랜트",null
Winchester School of Art,Winchester School of Art,예술대학,영국,1870,Q8023854,,https://en.wikipedia.org/wiki/Winchester_School_of_Art,https://upload.wikimedia.org/wikipedia/commons/thumb/9/99/Winchester_School_of_Art.jpg/500px-Winchester_School_of_Art.jpg?utm_source=en.wikipedia.org&utm_campaign=api&utm_content=thumbnail,"Winchester School of Art is the art school of the University of Southampton, situated 10 miles (14 km) north of Southampton in the city of Winchester near the south coast of England.


== History ==
Winchester School of Art (WSA) was founded in 1870, and originally occupied Winchester's twelfth-century Wolvesey Castle. In 1895 it moved to new premises in the Kings Court wing of Winchester Guildhall. In 1962 it was granted new buildings, which it still occupies. In 1996, the School merged with the University of Southampton.


== Faculty, departments and subjects ==
Winchester School of Art is part of the Faculty of Arts and Humanities and has three Departments. The Department of Art and Media Technology includes education, enterprise and research in Games Design, Fine Art, Curation, Leadership, Media Arts, Creative Computing and Technologies. The Department of Fashion and Textiles includes education, enterprise and research Fashion Design, Textile Design, Fashion Management and Luxuray Brand Management. The Department of Design includes education, enterprise and research in Graphic Communication, Advertising, Branding and Design.


== Textile Conservation Centre ==
The Textile Conse",null,null,"브라이언 이노, Stella Tennant, Geoffrey Richardson",null
Yaroslavl Art Institute,Yaroslavl Art Institute,예술대학,러시아 · 야로슬라블,1903,Q4538931,http://www.yar-yahu.ru,,,,null,null,알렉산드르 페트로프,null
다마 미술대학,Tama Art University,예술대학,일본 · 도쿄도,1935,Q1141980,http://www.tamabi.ac.jp/,https://ko.wikipedia.org/wiki/%EB%8B%A4%EB%A7%88_%EB%AF%B8%EC%88%A0%EB%8C%80%ED%95%99,http://commons.wikimedia.org/wiki/Special:FilePath/Tama%20Art%20University.svg,"타마 미술대학(일본어: 多摩美術大学 타마비주츠다이가쿠[*])은 도쿄에 위치한 일본의 사립 미술대학이다. 약칭은 타마비(多摩美/たまび)다.
도쿄 예술대학, 무사시노미술대학, 타마미술대학 세 대학을 일컬어 '도쿄 3대 미술대학(통칭:三美大)'으로 불린다. 예로부터 명문 미대로 인정받는다.


== 연혁 ==
1935년 타마제국미술학교를 도쿄도 세타가야구에 설립. 초대 교장은 스기우라 히스이, 학생은 67명.
1937년 재단법인 인가.
1944년 교사(校舍)가 해군기술연구소에 접수되어 휴교.
1946년 구 군수공장 건물을 매입, 학생을 모집하여 수업을 재개.
1947년 전문학교 인가를 받아, 타마조형예술전문학교'(미술부·건축부·공예부)가 됨.
1950년 타마미술단기대학(회화과·조각과·조형도안과)을 설치.
1953년 타마미술대학(회화과·조각과·도안과) 출범.
1964년 대학원 설치.


== 캠퍼스 ==
하치오지 캠퍼스 (도쿄도 하치오지시)
본부,대학원, 미술학부
카미노게 캠퍼스 (도쿄도 세타가야구)
본부, 대학원, 미술학부


== 건축환경디자인과 ==
미술학부
회화학과
일본화전공
유화전공
판화전공
조각학과
공예학과
그래픽디자인학과
생산디자인학과
프로덕트디자인전공
텍스타일디자인전공
환경디자인학과
정보디자인학과
미디어예술코스
정보디자인코스
예술학과
통합디자인학과-2014년 신설학과
연극무용디자인학과-2014년 신설학과
연극무용코스
극장미술디자인코스
조형표현학부 (야간)-2014년도부터 학생 모집중지
조형학과
디자인학과
영상연극학과


== 대학원 ==
미술연구과
박사과정 (전기·후기)


== 부속시설 ==

타마미술대학 도서관
예술인류학 연구소
아즈미노 유리공방
타마미술대학 미술관
미디어 센터
연구 센터
정보 센터
영상 스튜디오
3DCG 스튜디오
비디오촬영 스튜디오
미디어 홀
사진 센터
공작 센터
카미노게 센터
연극무용 스튜디오
아트 테크
3331Arts Chiyoda 아키바타마비21
국제교류실
TAU 홀
실내체육관
렉처 홀
타마미술대학 생애학습센터
PBL (Project Based Learning)과목
PBL과목은、전학과・전학년이 이수할 수 있는 새로운 강의형태로써 자리매김하고있다。


== 대외관계 ==


=== 포괄제휴협정 ===
쇼와 의과대학
와세다 대학
사가미하라시


=== ARTSAT Project ===
도쿄 대학


=== 해외협정교 ===
신라빠꼰 대학교
칭화 대학 미술학원
홍익대학교 미술대학
동",null,null,"후루야 우사마루, 사무라 히로아키, 다케나카 나오토, 모리쿠보 쇼타로",null
덴마크 왕립 미술 아카데미,Royal Danish Academy of Fine Arts,예술대학,덴마크 · 코펜하겐시,1754,Q1641001,https://www.kunstakademiet.dk/,https://ko.wikipedia.org/wiki/%EB%8D%B4%EB%A7%88%ED%81%AC_%EC%99%95%EB%A6%BD_%EB%AF%B8%EC%88%A0_%EC%95%84%EC%B9%B4%EB%8D%B0%EB%AF%B8,https://upload.wikimedia.org/wikipedia/commons/thumb/7/74/Charlottenborg%2C_Kopenhagen_2007.JPG/500px-Charlottenborg%2C_Kopenhagen_2007.JPG?utm_source=ko.wikipedia.org&utm_campaign=api&utm_content=thumbnail,"덴마크 왕립 미술 아카데미(덴마크어: Det Kongelige Danske Kunstakademi)는 1754년 덴마크 코펜하겐에 설립된 미술 아카데미이다.


== 부속 기관 ==
덴마크 왕립 미술 아카데미는 다음과 같은 기관으로 구성되어 있다.

덴마크 왕립 미술 아카데미 미술학교 (Det Kongelige Danske Kunstakademi)
덴마크 왕립 미술 아카데미 건축, 디자인, 보존학교 (Det Kongelige Danske Kunstakademis Skoler for Arkitektur, Design og Konservering)
덴마크 왕립 미술 아카데미 순수미술학교 (Det Kongelige Akademi for de Skønne Kunster)


== 외부 링크 ==

덴마크 왕립 미술 아카데미  - 공식 웹사이트",null,null,"Herluf Bidstrup, Wilhelm Bendz, Kay Fisker, Jørgen Sonne",null
디자인 아카데미 에인트호번,Design Academy Eindhoven,예술대학,네덜란드 · 에인트호번,1947,Q1200661,https://www.designacademy.nl/,https://ko.wikipedia.org/wiki/%EB%94%94%EC%9E%90%EC%9D%B8_%EC%95%84%EC%B9%B4%EB%8D%B0%EB%AF%B8_%EC%97%90%EC%9D%B8%ED%8A%B8%ED%98%B8%EB%B2%88,https://upload.wikimedia.org/wikipedia/commons/thumb/4/4f/Design_Academy_Eindhoven%2C_2010.jpg/500px-Design_Academy_Eindhoven%2C_2010.jpg?utm_source=ko.wikipedia.org&utm_campaign=api&utm_content=thumbnail,"에인트호번 디자인 아카데미{영어: Design Academy Eindhoven, DAE)는 네덜란드 에인트호번에 있는 예술, 건축 및 디자인 교육 기관이다. 세계 최고의 디자인 학교 중 하나로 널리 알려져 있다.


== 동문 ==
사빈 마르셀리스, 로네케 홀다인, 이상혁, 박고은, 양승빈 등을 배출했다. 마르셀 반더스는 이 학교 재학 중 퇴학당했다.


== 평가와 명성 ==
에인트호번 디자인 아카데미는 복잡한 사회 및 문화적 문제에 대한 참여를 강조하여 국제적인 명성을 얻었다. 네덜란드의 디자이너 집단 Droog Design은 DAE 졸업생이 많이 포진해있으며, Orange Alert는 뉴욕에서 작업하는 DAE 학생들의 전시회 및 이벤트를 조직해왔다. 많은 DAE 졸업생이 런던 디자인 박물관이 선정하는 올해의 디자이너 상 후보에 올랐다.
2022년 QS 세계 대학 랭킹에서 총점 81.6/100으로 예술 및 디자인 과목 영역 공동 9위에 올랐다.


== 출처 ==",null,null,"Marcel Wanders, Hella Jongerius",null
무사시노 미술대학,Musashino Art University,예술대학,일본 · 도쿄도,1962,Q1326245,https://www.musabi.ac.jp/,https://ko.wikipedia.org/wiki/%EB%AC%B4%EC%82%AC%EC%8B%9C%EB%85%B8_%EB%AF%B8%EC%88%A0%EB%8C%80%ED%95%99,http://commons.wikimedia.org/wiki/Special:FilePath/Musabi.png,"무사시노 미술대학(일본어: 武蔵野美術大学, Musashino Art University)은 도쿄에 위치한 일본의 명문 사립 미술대학이다.도쿄 예술대학, 무사시노미술대학, 타마미술대학 세 대학을 일컬어 '일본 3대 미술대학(통칭:三美大)'으로 불린다.


== 역사 ==
1929년 개교한 제국미술학교(帝国美術学校)를 모체로 삼아 1962년 설립되었다.
개설학과는 일본화, 유화, 조각, 시각 디자인, 공예, 공간 연출, 건축, 기초 디자인, 영상학, 예술문화학, 디자인 정보학의 11개 학과이다. 학부 과정은 조형학부로 불리며, 이는 미술과 디자인을 종합적으로 다루는 개념이다. 통신교육과정과 대학원 박사 전기·후기 과정이 설치되어 있다.
제국미술학교로 불리던 일제강점기에 한국인 미술학도가 많이 유학한 학교였다.
2011년 현재 조형학부 및 대학원으로 구성되어 있다. 조형학부에는 일본화, 유화, 조각, 시각디자인, 공간연출, 공예, 건축, 기초디자인, 영상, 예술문화, 디자인정보 분야의 11개 학과가 개설되어 있다. 대학원에서는 석사 및 박사학위를 수여하며, 별도로 통신교육과정을 운영하고 있다. 이 학교의 교수들은 사진가, 만화가, 삽화가, 디자이너, 화가 등으로 활동하며 학생들을 지도한다.
2011년 현재 한국, 중국, 태국 등에서 온 188명의 외국 학생을 포함해 총 4,571명이 재학하고 있다. 학부 과정에 4,306명이 있으며 석사 과정에 248명, 박사 과정에 17명이 있다. 일본의 와세다 대학과 협력협정을 맺고 교류사업을 추진하고 있으며. 이 대학은 그동안 6만 명이 넘는 졸업생을 배출했다. 졸업생들은 미술, 디자인, 건축, 문학, 연극 등 다양한 분야에서 활동하고 있다. 캠퍼스는 도쿄 도 고다이라[小平]에 있다.


== 연혁 ==
1929년 : 도쿄 도 무사시노시에 제국미술학교 설립
1948년 : 무사시노 미술학교로 개칭
1957년 : 무사시노 단기대학 설치
1962년 : 무사시노 미술대학 설립
1973년 : 대학원 조형연구과 설치
1999년 : 단기대학 학생 모집 중단
2004년 : 대학원 박사과정 후기 설치


== 학교 동문 ==


== 외부 링크 ==

무사시노 미술대학 홈페이지",null,null,"사토 신스케, 아카세가와 겐페이, 릴리 프랭키, 이타가키 파루",null
미니애폴리스 미술관,Minneapolis Institute of Art,예술대학,미국 · 미니애폴리스,1883,Q1700481,http://www.artsmia.org/,https://ko.wikipedia.org/wiki/%EB%AF%B8%EB%8B%88%EC%95%A0%ED%8F%B4%EB%A6%AC%EC%8A%A4_%EB%AF%B8%EC%88%A0%EA%B4%80,http://commons.wikimedia.org/wiki/Special:FilePath/Mia%20minneapolis%20logo.png,"미니애폴리스 미술관(Minneapolis Institute of Art, Mia)은 미국 미네소타주 미니애폴리스에 위치한 미술관이다. 5,000년의 세계 역사를 대표하는 90,000점 이상의 예술 작품을 소장하고 있는 미아 미술관은 미국 최대 규모의 미술관 중 하나이다. 영구 컬렉션은 약 20,000년에 걸쳐 6개 대륙에 걸쳐 세계의 다양한 문화를 대표한다. 박물관에는 7개의 큐레이터 영역이 있다:

아프리카 및 아메리카 예술
현대 미술
장식 예술, 직물 및 조각
아시아 미술
회화
사진과 뉴미디어
인쇄물과 그림
이 미술관은 미네소타에서 가장 큰 미술관 중 하나이다. 매년 50만 명이 넘는 사람들이 박물관을 방문하며, 초등학생을 위한 박물관의 아트 어드벤처 프로그램을 통해 10만 명 이상의 사람들이 방문하고 있다. 박물관에는 무료 일반 입장 정책은 물론 공공 프로그램, 어린이 및 성인을 위한 수업, 대화형 미디어 프로그램이 있다.


== 같이 보기 ==
가장 큰 미술관 목록


== 외부 링크 ==
미니애폴리스 미술관 - 공식 웹사이트
Virtual tour of the Minneapolis Institute of Art provided by Google Arts & Culture",null,null,,null
브뤼셀 왕립 미술 아카데미,Royal Academy of Fine Arts of Brussels,예술대학,벨기에 · 브뤼셀,1711,Q2822455,http://www.arba-esa.be,"https://en.wikipedia.org/wiki/Royal_Academy_of_Fine_Arts,_Brussels",https://upload.wikimedia.org/wikipedia/commons/thumb/1/17/Acad%C3%A9mie_royale_des_beaux-arts_de_Bruxelles_%288176902739%29.jpg/500px-Acad%C3%A9mie_royale_des_beaux-arts_de_Bruxelles_%288176902739%29.jpg?utm_source=en.wikipedia.org&utm_campaign=api&utm_content=thumbnail,"The Royal Academy of Fine Arts of Brussels (French: Académie royale des Beaux-Arts de Bruxelles [akademi ʁwajal de boz‿aʁ də bʁysɛl], ArBA-EsA; Dutch: Koninklijke Academie voor Schone Kunsten van Brussel [ˈkoːnɪŋkləkə ˌaːkaːˈdeːmi voːr ˈsxoːnə ˈkʏnstə(ɱ) vɑm ˈbrʏsəl]) is an art school in Brussels, Belgium, founded in 1711. Starting from modest beginnings in a single room in Brussels' Town Hall, it has since 1876 been operating from a former convent and orphanage in the Rue du Midi/Zuidstraat, which was converted by the architect Victor Jamaer. The school has played an important role in training leading local artists.


== History ==


=== Origins ===

Historically, artistic training in Brussels was organised in traditional workshops, where masters would teach their skills to apprentices. The masters needed to be registered with their local guild to be able to practice their craft. On 30 September 1711, the magistrate of the City of Brussels granted the guilds of painters, sculptors, weavers, as well as other amateurs, the use of a room in the Town Hall to teach drawing classes to their pupils. On 16 October of the same year, some sort of school was established at these premises to ",null,null,"Jijé, Joseph Poelaert, Jean-François Portaels, Rik Wouters",null
브살렐 미술 및 디자인 아카데미,Bezalel Academy of Art and Design,예술대학,이스라엘 · 예루살렘,1906,Q492519,http://www.bezalel.ac.il,https://ko.wikipedia.org/wiki/%EB%B8%8C%EC%82%B4%EB%A0%90_%EB%AF%B8%EC%88%A0_%EB%B0%8F_%EB%94%94%EC%9E%90%EC%9D%B8_%EC%95%84%EC%B9%B4%EB%8D%B0%EB%AF%B8,http://commons.wikimedia.org/wiki/Special:FilePath/BezalelLogo.svg,"브살렐 미술 및 디자인 아카데미(히브리어: בצלאל, אקדמיה לאמנות ועיצוב) 이스라엘의 예술과 디자인의 국립 아카데미이며, 1906년 예루살렘에 개교하였다.


== 외부 링크 ==

Bezalel Academy of Art and Design",null,null,"Avigdor Arikha, Dov Karmi, Aliza Olmert, Sigalit Landau",null
빈 미술 아카데미,Academy of Fine Arts Vienna,예술대학,오스트리아 · 빈,1692,Q414219,https://www.akbild.ac.at/,https://ko.wikipedia.org/wiki/%EB%B9%88_%EB%AF%B8%EC%88%A0_%EC%95%84%EC%B9%B4%EB%8D%B0%EB%AF%B8,http://commons.wikimedia.org/wiki/Special:FilePath/AkbildWienLogo2021.jpg,"빈 미술 아카데미(독일어: Akademie der bildenden Künste Wien)는 오스트리아 빈에 있는 미술 교육 기관으로, 합스부르크 군주국 시대 때에는 제국 종합 미술 아카데미(vereinigten Akademie der bildenden Künste)라고도 했다. 이곳은 화가 지망생 시절의 아돌프 히틀러가 불합격한 곳으로도 유명하다. 유럽 내에 명문 미술 학교 중 한 곳으로 유구한 전통과 역사를 자랑하는 곳이다.


== 조직 ==
미술 아카데미는 다음과 같은 조직으로 나누어져 운영되고 있다.

순수 미술 학회: 회화 (3개 분야) · 조각 · 선 · 시각 예술
미술 이론 학회: 미술 이론, 미술사, 미술 철학
미술 복구 학회: 미술 복구
미술 기술 학회: 미술 관련 기술
교육 학회: 공예, 섬유 디자인
건축 학회: 건축


== 동문 ==
에곤 실레
한스 홀레인
에르빈 부름


== 참조 문헌 ==


== 외부 링크 ==
 위키미디어 공용에 빈 미술 아카데미 관련 미디어 분류가 있습니다.
빈 미술 아카데미  - 공식 웹사이트",null,null,"슈테인들 임레, 루돌프 폰 알트, Leopold Carl Müller, Franciszek Żmurko",null
안트베르펜 왕립미술원,Royal Academy of Fine Arts,예술대학,벨기에 · 안트베르펜,1663,Q2746779,https://www.ap-arts.be/academie,https://ko.wikipedia.org/wiki/%EC%95%88%ED%8A%B8%EB%B2%A0%EB%A5%B4%ED%8E%9C_%EC%99%95%EB%A6%BD_%EB%AF%B8%EC%88%A0_%EC%95%84%EC%B9%B4%EB%8D%B0%EB%AF%B8,https://upload.wikimedia.org/wikipedia/commons/thumb/1/18/AntwerpenAcademie.JPG/500px-AntwerpenAcademie.JPG?utm_source=ko.wikipedia.org&utm_campaign=api&utm_content=thumbnail,"안트베르펜 왕립 미술 아카데미(네덜란드어: Koninklijke Academie voor Schone Kunsten van Antwerpen)은 벨기에의 안트베르펜에 위치한 예술 아카데미이다. 이곳은 유럽에서 가장 오래된 아카데미 중 하나이다. 1663년 아크뒤크 레오폴트 빌헬름과 오스트리아의 돈 후안의 화가였던 다비트 테니르스 더 용어르가 설립하였다. 당시 예술과 일부 수공예를 아우르던 성 루카 길드의 거장이었던 테니르스는 당시 스페인령 네덜란드의 통치자였던 펠리페 4세에게 안트베르펜에 미술 아카데미를 설립할 수 있는 왕실 칙허장을 내려달라고 청원했다. 이곳은 안트베르펜 패션 아카데미도 함께 있었다.


== 19세기 ==
안트베르펜 왕립미술원은 미술, 건축, 디자인 분야에서 국제적인 명성을 얻은 교육기관으로 발전했다. 19세기부터 이 아카데미는 해외의 젊은 예술가들을 끌어들였다. 탄탄한 고전 교육을 원했던 아일랜드, 독일, 네덜란드, 폴란드의 예술가들이 안트베르펜으로 모여들었다.
귀스타브 바페르스(1803–1874)가 원장을 맡고 헨드릭 콘시엔스가 서기를 맡으면서 아카데미는 대대적인 개편을 맞이했다. 아카데미가 보유한 방대한 예술 컬렉션은 자체 갤러리 공간에 전시되었다. 1890년경, 이 갤러리는 안트베르펜 왕립미술관(네덜란드어: Koninklijk Museum voor Schone Kunsten)으로 발전하여 안트베르펜의 현재 위치로 이전하게 된다.
1880년, 유망한 젊은 예술가 앙리 반 데 펠데가 안트베르펜 아카데미에 입학했다. 그는 20세기 건축과 디자인을 선도하는 인물이 되었다. 1885년과 1886년에는 빈센트 반 고흐 또한 프랑스로 떠나기 전 잠시 안트베르펜 아카데미에서 수학했다.
1885년, 레오폴 2세는 파리의 에콜 데 보자르에서 영감을 받아 안트베르펜에 대학원 과정인 국립고등미술원(Nationaal Hoger Instituut voor Schone Kunsten)을 설립하도록 지시했다.


== 20세기와 21세기 ==
1946년, 건축 과정이 독립하여 국립고등건축원이 되었다.
아카데미 역사에서 또 다른 중요한 순간은 1963년이다. 독창적인 새로운 과정인 ‘패션 디자인’이 시작된 해였다. 패션 디자인 과정은 처음에는 큰 성공을 거두지 못했으나, 1980년대에 “안트베르펜 6인” 디자이너(디르크 비켐베르흐스, 발터 반 베이렌동크, 마리나 이, 드리스 반 노튼, 디르크 반 사네, 앤 드뮐레미",null,null,"Wilhelm Busch, 빈센트 반 고흐, Emile Claus, Arthur Lismer",null
여자미술대학,Joshibi University of Art and Design,예술대학,일본 · 도쿄도,1900,Q846126,https://www.joshibi.ac.jp/,https://ko.wikipedia.org/wiki/%EC%97%AC%EC%9E%90%EB%AF%B8%EC%88%A0%EB%8C%80%ED%95%99,http://commons.wikimedia.org/wiki/Special:FilePath/Joshibi%20University%20of%20Art%20and%20Design.svg,"여자미술대학(일본어: 女子美術大学 죠시비주쓰다이가쿠[*], Joshibi University of Art and Design)은 도쿄도 스기나미구에 있는 사립 미술대학이다.
도쿄 5대 미술대학(東京5美術大学, 다마 미술대학, 무사시노 미술대학, 도쿄 조형대학, 니혼 대학 예술학부)에 속한 명문 미술대학으로 흔히 조시비라고 부른다.
일본소재 사립미술대학 중 가장 역사가 깊은 학교로 1900년에 도쿄 미술학교에 대응하는 여학교로서 여자미술학교라는 이름으로 창립되어, 1949년에 대학이 설립되었다. 예술학부와 단기대학부의 2개 학부가 있다. 1994년에는 대학원이 설립되었으며, 대학원은 남녀공학으로 운영된다.
한국 최초의 여성 서양화가인 나혜석, 국내 화단의 대표작가인 동양화가 천경자, 동양화가 겸 판화가인 박래현 '키티엄마'로 불리는 산리오의 수석디자이너 야마구치 유코등 저명한 화가,교육자,디자이너등을 배출해냈다.
역사가 깊은 학교이며 일제 강점기에 신여성들이 많이 유학하여 한국에서도 동경여자미술대학으로 알려져 있다.


== 연혁 ==
1900년: 여자미술학교 설립
1915년: 부속 고등여학교 개교
1929년: 여자미술전문학교로 개편
1949년: 여자미술대학 발족
1950년: 단기학부 병설


== 유명 졸업생 ==
나혜석 - 서양화가
박래현 - 동양화가, 한국화가, 판화가
천경자 - 동양화가, 수필가
장선희 - 자수 공예가
백남순 - 서양화가
윤시선 - 서양화가
이숙종 - 교육인
김명화 - 서양화가
나상윤 - 서양화가
우재희 - 어패럴디자인(수료)1969년 7월2일생


== 개설학과 ==


=== 대학 ===
미술학과
양화전공(회화,판화)
일본화전공
입체아트전공
미술교육전공
예술문화전공
디자인·공예학과
비주얼디자인전공
프로덕트디자인전공
환경디자인전공
공예전공(텍스타일,유리,도예)
아트·디자인표현학과
미디어표현영역
힐링표현영역
패션텍스타일표현영역
아트프로듀스표현영역


=== 대학원 ===
미술전공
양화연구영역
일본화연구영역
판화연구영역
공예연구영역
입체예술연구영역
디자인전공
미디어연구영역
힐링연구영역
패션텍스타일연구영역
아트프로듀스연구영역
비주얼디자인연구영역
프로덕트디자인연구영역
환경디자인연구영역
예술문화전공
색채학연구영역
미술사연구영역
예술표상연구영역
미술교육연구영역


=== 단기대학부(2년제) ===
조형학과
미술코스
디자인코스 정보디자인
디자인코스 창조디자인
전공과
조형전공


== 외부 링크 ==
",null,null,"허샹닝, 오카다 요시코",null
왕립 회화 조각 아카데미,Académie royale de peinture et de sculpture,예술대학,프랑스,1648,Q337579,,https://ko.wikipedia.org/wiki/%EC%99%95%EB%A6%BD_%ED%9A%8C%ED%99%94_%EC%A1%B0%EA%B0%81_%EC%95%84%EC%B9%B4%EB%8D%B0%EB%AF%B8,https://upload.wikimedia.org/wikipedia/commons/thumb/e/e1/Coat_of_arms_of_the_Acad%C3%A9mie_royale_de_peinture.svg/500px-Coat_of_arms_of_the_Acad%C3%A9mie_royale_de_peinture.svg.png?utm_source=ko.wikipedia.org&utm_campaign=api&utm_content=thumbnail,"왕립 회화 조각 아카데미(프랑스어: Académie royale de peinture et de sculpture)는 1648년 파리에 설립돼 회화와 조각을 규제하고 가르쳤던 프랑스의 옛 국가 기관이다. 앙시앵 레짐 후반기 프랑스 최고의 예술 기관이었으나, 1793년 프랑스 혁명으로 인해 폐지되었다. 왕립 회화 조각 아카데미에는 저명한 화가와 조각가들이 많았으며, 교육과 전시회를 거의 전면적으로 통제하고, 회원들에게 왕립 위원회에 대한 우선권을 부여했다.",null,null,"자크루이 다비드, Étienne-Jean Delécluze, 샤를아메데필리프 반 로, 안루이 지로데 드 루시트리오종",null
중국미술학원,China Academy of Art,예술대학,중화인민공화국 · 항저우시,1928,Q985670,http://www.caa.edu.cn,https://ko.wikipedia.org/wiki/%EC%A4%91%EA%B5%AD%EB%AF%B8%EC%88%A0%ED%95%99%EC%9B%90,https://upload.wikimedia.org/wikipedia/commons/thumb/5/5b/CAA_Gate.jpg/500px-CAA_Gate.jpg?utm_source=ko.wikipedia.org&utm_campaign=api&utm_content=thumbnail,"중국미술학원(中國美術學院, China Academy of Art)은 중국 항저우시에 본부를 두고 중화인민공화국 교육부, 중화인민공화국 문화부, 저장성 교육청이 공동으로 설립한 중국의 미술대학이다.


== 역사 ==
차이위안페이가 항저우 고산 남쪽 기슭에 설립한 중국 최고 미술학부인 국립예술원이며, 중국 역사상 최초로 학부 및 대학원 교육을 실시한 고등미술학부이다. 중서양 예술의 양립 그리고 시대 예술을 창조하고 중국 문화를 홍보하는 것을 학교 교육의 목적으로 두고있다. 현재 중국에서 균형 잡힌 규모의 국립종합미술학원으로 발전했다.


== 연혁 ==
2015년 중국미술학원은 저장성의 첫 번째 주요 건설 대학에 선정되었다.
2016년 1월 저장성 인민정부, 중화인민공화국 교육부, 중화인민공화국 문화부가 '중국미술학원 공동설립에 관한 의견'에 서명하여 중국미술학원은 3개 기관이 되었다.
2017년 9월 21일 교육부, 재정부, 국가발전개혁위원회는 공동으로 '세계일류대학과 일류학과 건설대학 및 건설학과 명단 발표에 관한 고시'를 발표하고 중국미술학원이 세계일류대학의 일류학과 건설대학에 선정되었다. 중국미술학원은 이후 3단계 발전 목표를 설정했다.
2019년 1월 11일 중국미술학원 량저 캠퍼스 건설 프로젝트가 공식적으로 시작되었다.


== 참고 사항 ==


=== 중국미술학원 도서관 ===
중국의 전문 도서관 중 하나로 종이 68만 권, 전자 65만 권, 외국어 원본 1,400여 종의 정기간행물, 중국어 정기간행물 및 신문 1,670여 종의 문헌자원이 축적되어 있다. 소장 종이문헌에는 교수가 기증한 도서 7000여 권, 고서적 문헌 2만여 권, 중국과 외국의 회화 명작 복제품의 상당수가 포함되어 있다.


== 캠퍼스 ==
남산캠퍼스
장강캠퍼스
상산중심캠퍼스


== 각주 ==",null,null,"Lin Fengmian, 자오우키, 왕슈, 이가염",null
켄트 미술 디자인 대학,Kent Institute of Art & Design,예술대학,영국,,Q6391780,,https://en.wikipedia.org/wiki/Kent_Institute_of_Art_%26_Design,,"The Kent Institute of Art & Design (KIAD, often ) was an art school based across three campuses in the county of Kent, in the United Kingdom. It was formed by the amalgamation of three independent colleges: Canterbury College of Art, Maidstone College of Art and Medway (Rochester) College of Design. In turn KIAD merged with the Surrey Institute of Art & Design, University College on 1 August 2005 to form the University College for the Creative Arts at Canterbury, Epsom, Farnham, Maidstone and Rochester. In 2008, this gained full university status and became the University for the Creative Arts.
KIAD offered further education, higher education, postgraduate and part-time courses at three campuses, in Canterbury, Maidstone and Rochester.


== History ==

Maidstone College of Art was founded on 12 August 1867, and Rochester College of Art (renamed Medway College of Design in June 1970) on 15 September 1886. The origin of Canterbury College of Art lies in the private art school founded by the Victorian animal painter Thomas Sidney Cooper on 13 September 1882, and known then as the Canterbury Sidney Cooper School of Art. After his death in 1902 the Canterbury Sidney Cooper School of Art",null,null,"토니 케이, Brian Froud, 찰리 애들레이드, 트레이시 에민",null
펜실베이니아 미술아카데미,Pennsylvania Academy of the Fine Arts,예술대학,미국 · 필라델피아,1805,Q1952033,http://pafa.org/,https://ko.wikipedia.org/wiki/%ED%8E%9C%EC%8B%A4%EB%B2%A0%EC%9D%B4%EB%8B%88%EC%95%84_%EB%AF%B8%EC%88%A0%EC%95%84%EC%B9%B4%EB%8D%B0%EB%AF%B8,https://upload.wikimedia.org/wikipedia/commons/thumb/d/d8/EAST_FRONT_FROM_NORTHEAST_-_Pennsylvania_Academy_of_the_Fine_Arts%2C_Broad_and_Cherry_Streets%2C_Philadelphia%2C_Philadelphia_County%2C_PA_HABS_PA%2C51-PHILA%2C340-2.tif/lossy-page1-500px-EAST_FRONT_FROM_NORTHEAST_-_Pennsylvania_Academy_of_the_Fine_Arts%2C_Broad_and_Cherry_Streets%2C_Philadelphia%2C_Philadelphia_County%2C_PA_HABS_PA%2C51-PHILA%2C340-2.tif.jpg?utm_source=ko.wikipedia.org&utm_campaign=api&utm_content=thumbnail,"펜실베이니아 미술아카데미(Pennsylvania Academy of the Fine Arts, PAFA)는 미국 펜실베이니아주 필라델피아에 위치한 박물관이자 사립 미술학교이다. 1805년에 설립되었으며 미국 최초이자 가장 오래된 예술 박물관ㅇㅣ자 예술 학교이다.
이 아카데미의 박물관은 19~20세기 미국의 회화, 조각, 종이 작품의 수집품으로 국제적으로 알려져 있다. 미국의 예술 역사 연구, 박물관, 예술 훈련을 위한 중요한 자재들을 보관하고 있다.


== 각주 ==


== 외부 링크 ==
펜실베이니아 미술아카데미  - 공식 웹사이트
The original Academy of the Fine Arts, 1869 보관됨 2016-03-04 - 웨이백 머신 at the Historical Society of Pennsylvania
The Academy of the Fine Arts and Its Future: address delivered before the Art Club of Philadelphia by Edward H. Coates (24 January 1890)
National Register Nomination 보관됨 2013-02-20 - 웨이백 머신 on the National Park Service website
HABS Documentation on Library of Congress website
Philadelphia Architects and Buildings listing of the academy building",null,null,"데이비드 린치, 토마스 에이킨스, 메리 카사트, Elenore Abbott",null